gbifID,kingdom,species,locality,occurrenceStatus,lat,long,xy_uncert_m,eventDate,collectionCode,issue
954031624,Animalia,Setophaga coronata,Brackendale - Cheekye Fan,PRESENT,49.776333,-123.14773,NA,2013-05-21T00:00:00Z,EBIRD_CAN,CONTINENT_DERIVED_FROM_COORDINATES
954031610,Animalia,Corvus corax,Brackendale - Cheekye Fan,PRESENT,49.776333,-123.14773,NA,2013-05-21T00:00:00Z,EBIRD_CAN,CONTINENT_DERIVED_FROM_COORDINATES
954031237,Animalia,Strix varia,Brackendale - Cheekye Fan,PRESENT,49.776333,-123.14773,NA,2013-05-21T00:00:00Z,EBIRD_CAN,CONTINENT_DERIVED_FROM_COORDINATES
954002091,Animalia,Troglodytes pacificus,Brackendale - Cheekye Fan,PRESENT,49.776333,-123.14773,NA,2013-05-21T00:00:00Z,EBIRD_CAN,CONTINENT_DERIVED_FROM_COORDINATES
954002089,Animalia,Corvus brachyrhynchos,Brackendale - Cheekye Fan,PRESENT,49.776333,-123.14773,NA,2013-05-21T00:00:00Z,EBIRD_CAN,CONTINENT_DERIVED_FROM_COORDINATES
954002088,Animalia,Turdus migratorius,Brackendale - Cheekye Fan,PRESENT,49.776333,-123.14773,NA,2013-05-21T00:00:00Z,EBIRD_CAN,CONTINENT_DERIVED_FROM_COORDINATES
954002013,Animalia,Ixoreus naevius,Brackendale - Cheekye Fan,PRESENT,49.776333,-123.14773,NA,2013-05-21T00:00:00Z,EBIRD_CAN,CONTINENT_DERIVED_FROM_COORDINATES
954002003,Animalia,Setophaga townsendi,Brackendale - Cheekye Fan,PRESENT,49.776333,-123.14773,NA,2013-05-21T00:00:00Z,EBIRD_CAN,CONTINENT_DERIVED_FROM_COORDINATES
594907304,Animalia,Molothrus ater,Brackendale - Cheekye Fan,PRESENT,49.776333,-123.14773,NA,2011-04-14T00:00:00Z,EBIRD_CAN,CONTINENT_DERIVED_FROM_COORDINATES
590974517,Animalia,Euphagus cyanocephalus,Brackendale - Cheekye Fan,PRESENT,49.776333,-123.14773,NA,2011-04-14T00:00:00Z,EBIRD_CAN,CONTINENT_DERIVED_FROM_COORDINATES
590968020,Animalia,Larus glaucescens,Brackendale - Cheekye Fan,PRESENT,49.776333,-123.14773,NA,2011-04-14T00:00:00Z,EBIRD_CAN,CONTINENT_DERIVED_FROM_COORDINATES
590966942,Animalia,Haliaeetus leucocephalus,Brackendale - Cheekye Fan,PRESENT,49.776333,-123.14773,NA,2011-04-14T00:00:00Z,EBIRD_CAN,CONTINENT_DERIVED_FROM_COORDINATES
587028888,Animalia,Corvus corax,Brackendale - Cheekye Fan,PRESENT,49.776333,-123.14773,NA,2011-04-14T00:00:00Z,EBIRD_CAN,CONTINENT_DERIVED_FROM_COORDINATES
587025255,Animalia,Corvus brachyrhynchos,Brackendale - Cheekye Fan,PRESENT,49.776333,-123.14773,NA,2011-04-14T00:00:00Z,EBIRD_CAN,CONTINENT_DERIVED_FROM_COORDINATES
578918865,Animalia,Agelaius phoeniceus,Brackendale - Cheekye Fan,PRESENT,49.776333,-123.14773,NA,2011-04-14T00:00:00Z,EBIRD_CAN,CONTINENT_DERIVED_FROM_COORDINATES
4127460021,Plantae,Corallorhiza mertensiana,,PRESENT,49.792897,-123.127747,NA,2023-05-27T11:32:44Z,Observations,COORDINATE_ROUNDED;CONTINENT_DERIVED_FROM_COORDINATES
4127206722,Plantae,Dicentra formosa,,PRESENT,49.796167,-123.139786,3013,2023-05-27T10:00:47Z,Observations,COORDINATE_ROUNDED;CONTINENT_DERIVED_FROM_COORDINATES
4126990401,Plantae,Rubus ursinus,,PRESENT,49.796167,-123.139786,3013,2023-05-27T10:00:50Z,Observations,COORDINATE_ROUNDED;CONTINENT_DERIVED_FROM_COORDINATES
4112057062,Plantae,Linnaea borealis,,PRESENT,49.785714,-123.13682,173,2023-05-07T16:23:05Z,Observations,COORDINATE_ROUNDED;CONTINENT_DERIVED_FROM_COORDINATES
4112043065,Plantae,Plagiomnium insigne,,PRESENT,49.785714,-123.13682,1494197,2023-05-07T16:16:02Z,Observations,COORDINATE_ROUNDED;CONTINENT_DERIVED_FROM_COORDINATES
4112025113,Plantae,Acer circinatum,,PRESENT,49.785714,-123.13682,173,2023-05-07T16:25:17Z,Observations,COORDINATE_ROUNDED;CONTINENT_DERIVED_FROM_COORDINATES
4111979093,Plantae,Viola sempervirens,,PRESENT,49.785714,-123.13682,173,2023-05-07T16:08:51Z,Observations,COORDINATE_ROUNDED;CONTINENT_DERIVED_FROM_COORDINATES
4111972089,Plantae,Dicentra formosa,,PRESENT,49.785714,-123.13682,173,2023-05-07T16:15:47Z,Observations,COORDINATE_ROUNDED;CONTINENT_DERIVED_FROM_COORDINATES
4111925127,Plantae,Goodyera oblongifolia,,PRESENT,49.785714,-123.13682,173,2023-05-07T16:13:43Z,Observations,COORDINATE_ROUNDED;CONTINENT_DERIVED_FROM_COORDINATES
4111906039,Plantae,Mahonia nervosa,,PRESENT,49.785714,-123.13682,173,2023-05-07T16:20:31Z,Observations,COORDINATE_ROUNDED;CONTINENT_DERIVED_FROM_COORDINATES
4111877086,Plantae,Kindbergia oregana,,PRESENT,49.785714,-123.13682,173,2023-05-07T16:05:07Z,Observations,COORDINATE_ROUNDED;CONTINENT_DERIVED_FROM_COORDINATES
4096512375,Animalia,Araneus diadematus,,PRESENT,49.778192,-123.143172,16,2020-09-27T12:24:30Z,Observations,COORDINATE_ROUNDED;CONTINENT_DERIVED_FROM_COORDINATES
4091749482,Plantae,Euphrasia nemorosa,,PRESENT,49.782546,-123.147116,4,2022-09-05T09:22:20Z,Observations,COORDINATE_ROUNDED;CONTINENT_DERIVED_FROM_COORDINATES
4091593448,Plantae,Athyrium filix-femina,,PRESENT,49.795379,-123.132303,3599,2022-07-24T17:05:46Z,Observations,COORDINATE_ROUNDED;CONTINENT_DERIVED_FROM_COORDINATES
4080930372,Plantae,Vaccinium parvifolium,,PRESENT,49.793314,-123.132063,5000,2021-07-30T16:03:37Z,Observations,COORDINATE_ROUNDED;CONTINENT_DERIVED_FROM_COORDINATES
4080672470,Plantae,Rubus ursinus,,PRESENT,49.782557,-123.147142,4,2022-09-05T09:26:12Z,Observations,COORDINATE_ROUNDED;CONTINENT_DERIVED_FROM_COORDINATES
4080649416,Plantae,Corallorhiza mertensiana,,PRESENT,49.784135,-123.144246,19,2022-05-22T17:04:12Z,Observations,COORDINATE_ROUNDED;CONTINENT_DERIVED_FROM_COORDINATES
4080626476,Plantae,Alnus rubra,,PRESENT,49.784018,-123.146349,6,2022-08-13T15:17:53Z,Observations,COORDINATE_ROUNDED;CONTINENT_DERIVED_FROM_COORDINATES
4080534463,Plantae,Vaccinium parvifolium,,PRESENT,49.775562,-123.143228,54,2022-09-05T10:13:46Z,Observations,COORDINATE_ROUNDED;CONTINENT_DERIVED_FROM_COORDINATES
4076807913,Plantae,Leptodictyum riparium,ca. 12 mi. S of Garibaldi Station,PRESENT,49.791547,-123.138928,400,1977-10-09T00:00:00Z,,GEODETIC_DATUM_ASSUMED_WGS84;CONTINENT_DERIVED_FROM_COORDINATES;MULTIMEDIA_URI_INVALID;COLLECTION_MATCH_NONE;INSTITUTION_MATCH_FUZZY
4075629670,Plantae,Equisetum telmateia,,PRESENT,49.795379,-123.132303,3599,2022-07-24T17:11:19Z,Observations,COORDINATE_ROUNDED;CONTINENT_DERIVED_FROM_COORDINATES
4038885411,Fungi,Lactarius trivialis,,PRESENT,49.786,-123.137,NA,2020-10-14T00:00:00Z,,GEODETIC_DATUM_ASSUMED_WGS84;CONTINENT_DERIVED_FROM_COORDINATES
4011606539,Plantae,Prosartes hookeri,,PRESENT,49.782277,-123.149864,4,2022-08-13T15:29:53Z,Observations,COORDINATE_ROUNDED;CONTINENT_DERIVED_FROM_COORDINATES
4011591429,Fungi,Aureoboletus mirabilis,,PRESENT,49.784047,-123.141664,3,2021-10-17T10:29:40Z,Observations,COORDINATE_ROUNDED;CONTINENT_DERIVED_FROM_COORDINATES
4006609599,Fungi,Craterellus tubaeformis,,PRESENT,49.78452,-123.146457,540,2022-07-20T17:24:43Z,Observations,COORDINATE_ROUNDED;CONTINENT_DERIVED_FROM_COORDINATES
4006599555,Plantae,Prosartes hookeri,,PRESENT,49.795428,-123.134743,1740,2022-09-02T12:58:36Z,Observations,COORDINATE_ROUNDED;CONTINENT_DERIVED_FROM_COORDINATES
3986268265,Plantae,Gaultheria shallon,,PRESENT,49.796905,-123.143972,2644,2022-11-27T13:00:28Z,Observations,COORDINATE_ROUNDED;CONTINENT_DERIVED_FROM_COORDINATES
3985920271,Plantae,Polypodium glycyrrhiza,,PRESENT,49.781903,-123.131737,4,2022-11-27T14:57:02Z,Observations,COORDINATE_ROUNDED;CONTINENT_DERIVED_FROM_COORDINATES
3985845726,Fungi,Sparassis crispa,,PRESENT,49.790353,-123.135864,4854,2022-11-20T10:42:00Z,Observations,COORDINATE_ROUNDED;CONTINENT_DERIVED_FROM_COORDINATES
3985811245,Plantae,Dryopteris expansa,,PRESENT,49.78598,-123.13151,8,2022-11-27T14:34:47Z,Observations,COORDINATE_ROUNDED;CONTINENT_DERIVED_FROM_COORDINATES
3985810656,Plantae,Thuja plicata,,PRESENT,49.792463,-123.136336,6000,2022-11-19T11:31:28Z,Observations,COORDINATE_ROUNDED;CONTINENT_DERIVED_FROM_COORDINATES
3985664960,Fungi,Calocera cornea,,PRESENT,49.788269,-123.131133,6,2022-11-05T13:52:00Z,Observations,COORDINATE_ROUNDED;CONTINENT_DERIVED_FROM_COORDINATES
3968988729,Plantae,Oenanthe sarmentosa,"British Columbia, Squamish-Lillooet Regional District, Alice Lake Provincial Park, road to picnic area",PRESENT,49.779999,-123.129997,NA,2012-07-25T00:00:00Z,,COORDINATE_ROUNDED;GEODETIC_DATUM_ASSUMED_WGS84;CONTINENT_DERIVED_FROM_COORDINATES
3966402493,Plantae,Clintonia uniflora,,PRESENT,49.783568,-123.146835,3,2022-08-13T15:20:37Z,Observations,COORDINATE_ROUNDED;CONTINENT_DERIVED_FROM_COORDINATES
3963700673,Animalia,Ensatina eschscholtzii,,PRESENT,49.794083,-123.139542,12120,2022-10-30T13:05:30Z,Observations,COORDINATE_ROUNDED;CONTINENT_DERIVED_FROM_COORDINATES
3963480364,Fungi,Xylaria hypoxylon,,PRESENT,49.791714,-123.127506,171,2020-10-25T12:00:00Z,Observations,CONTINENT_DERIVED_FROM_COORDINATES
3960155977,Plantae,Streptopus amplexifolius,,PRESENT,49.781349,-123.12792,16,2022-05-29T23:58:51Z,,COORDINATE_ROUNDED;COUNTRY_DERIVED_FROM_COORDINATES;CONTINENT_DERIVED_FROM_COORDINATES
3959663013,Plantae,Rubus spectabilis,,PRESENT,49.791372,-123.131988,NA,2021-04-22T20:31:03Z,,COORDINATE_ROUNDED;COUNTRY_DERIVED_FROM_COORDINATES;CONTINENT_DERIVED_FROM_COORDINATES
3958499662,Plantae,Goodyera oblongifolia,,PRESENT,49.784334,-123.138684,24,2021-09-11T21:14:26Z,,COORDINATE_ROUNDED;COUNTRY_DERIVED_FROM_COORDINATES;CONTINENT_DERIVED_FROM_COORDINATES
3954453493,Plantae,Lysichiton americanus,,PRESENT,49.793189,-123.132266,3254,2021-06-23T16:19:55Z,,COORDINATE_ROUNDED;COUNTRY_DERIVED_FROM_COORDINATES;CONTINENT_DERIVED_FROM_COORDINATES
3954114573,Plantae,Dicentra formosa,,PRESENT,49.790084,-123.131661,NA,2021-04-22T21:01:51Z,,COORDINATE_ROUNDED;COUNTRY_DERIVED_FROM_COORDINATES;CONTINENT_DERIVED_FROM_COORDINATES
3953677231,Plantae,Viola sempervirens,,PRESENT,49.7861,-123.136194,24,2021-05-01T17:18:37Z,,COORDINATE_ROUNDED;COUNTRY_DERIVED_FROM_COORDINATES;CONTINENT_DERIVED_FROM_COORDINATES
3952584160,Plantae,Muscari botryoides,,PRESENT,49.78255,-123.147456,16,2020-04-30T17:44:20Z,,COORDINATE_ROUNDED;COUNTRY_DERIVED_FROM_COORDINATES;CONTINENT_DERIVED_FROM_COORDINATES
3947596670,Plantae,Anaphalis margaritacea,,PRESENT,49.782533,-123.147527,4,2022-07-24T14:48:57Z,Observations,COORDINATE_ROUNDED;CONTINENT_DERIVED_FROM_COORDINATES
3923328565,Plantae,Phalaris arundinacea,,PRESENT,49.784344,-123.146316,128,2022-08-13T15:14:13Z,Observations,COORDINATE_ROUNDED;CONTINENT_DERIVED_FROM_COORDINATES
3915327706,Plantae,Trifolium aureum,,PRESENT,49.777775,-123.144425,4,2022-09-05T10:02:38Z,Observations,CONTINENT_DERIVED_FROM_COORDINATES
3903415077,Plantae,Pinus contorta,,PRESENT,49.78147,-123.146342,4,2022-09-05T09:41:26Z,Observations,COORDINATE_ROUNDED;CONTINENT_DERIVED_FROM_COORDINATES
3903376950,Plantae,Anaphalis margaritacea,,PRESENT,49.781144,-123.146344,4,2022-09-05T09:46:13Z,Observations,COORDINATE_ROUNDED;CONTINENT_DERIVED_FROM_COORDINATES
3903350799,Plantae,Pteridium aquilinum,,PRESENT,49.782622,-123.147142,4,2022-09-05T09:19:35Z,Observations,COORDINATE_ROUNDED;CONTINENT_DERIVED_FROM_COORDINATES
3903279970,Plantae,Cytisus scoparius,,PRESENT,49.775468,-123.14322,9,2022-09-05T10:15:30Z,Observations,COORDINATE_ROUNDED;CONTINENT_DERIVED_FROM_COORDINATES
3903013227,Plantae,Chamaenerion angustifolium,,PRESENT,49.77978,-123.145744,4,2022-09-05T09:54:25Z,Observations,COORDINATE_ROUNDED;CONTINENT_DERIVED_FROM_COORDINATES
3903010683,Plantae,Gaultheria shallon,,PRESENT,49.782581,-123.147141,4,2022-09-05T09:24:30Z,Observations,COORDINATE_ROUNDED;CONTINENT_DERIVED_FROM_COORDINATES
3902875284,Plantae,Arctostaphylos uva-ursi,,PRESENT,49.778581,-123.144979,4,2022-09-05T09:58:53Z,Observations,COORDINATE_ROUNDED;CONTINENT_DERIVED_FROM_COORDINATES
3902822522,Plantae,Verbascum thapsus,,PRESENT,49.784477,-123.146357,111,2022-08-13T15:13:18Z,Observations,COORDINATE_ROUNDED;CONTINENT_DERIVED_FROM_COORDINATES
3902409916,Plantae,Isothecium myosuroides,,PRESENT,49.783012,-123.148591,4,2022-08-13T15:25:55Z,Observations,COORDINATE_ROUNDED;CONTINENT_DERIVED_FROM_COORDINATES
3902401150,Plantae,Trifolium pratense,,PRESENT,49.783526,-123.147386,4,2022-08-13T15:22:06Z,Observations,COORDINATE_ROUNDED;CONTINENT_DERIVED_FROM_COORDINATES
3902318862,Plantae,Trifolium aureum,,PRESENT,49.781928,-123.15248,4,2022-08-13T15:35:54Z,Observations,COORDINATE_ROUNDED;CONTINENT_DERIVED_FROM_COORDINATES
3902275094,Plantae,Isothecium myosuroides,,PRESENT,49.782995,-123.148561,4,2022-08-13T15:25:37Z,Observations,COORDINATE_ROUNDED;CONTINENT_DERIVED_FROM_COORDINATES
3902028048,Plantae,Cytisus scoparius,,PRESENT,49.781105,-123.154792,254,2022-06-12T12:09:13Z,Observations,COORDINATE_ROUNDED;CONTINENT_DERIVED_FROM_COORDINATES
3902003829,Fungi,Lactarius trivialis,,PRESENT,49.78569,-123.137065,NA,2020-10-14T10:58:00Z,Observations,COORDINATE_ROUNDED;CONTINENT_DERIVED_FROM_COORDINATES
3892679432,Plantae,Clintonia uniflora,,PRESENT,49.797297,-123.137183,7702,2022-06-07T09:55:31Z,Observations,COORDINATE_ROUNDED;CONTINENT_DERIVED_FROM_COORDINATES
3892580963,Plantae,Betula pendula,,PRESENT,49.781667,-123.151854,4,2022-08-13T15:34:09Z,Observations,COORDINATE_ROUNDED;CONTINENT_DERIVED_FROM_COORDINATES
3892550404,Plantae,Clintonia uniflora,,PRESENT,49.786896,-123.134609,NA,2022-06-17T09:50:00Z,Observations,CONTINENT_DERIVED_FROM_COORDINATES
3892511409,Plantae,Clintonia uniflora,,PRESENT,49.787642,-123.1349,9,2022-05-29T12:26:49Z,Observations,COORDINATE_ROUNDED;CONTINENT_DERIVED_FROM_COORDINATES
3892472938,Plantae,Prosartes hookeri,,PRESENT,49.782558,-123.149242,4,2022-08-13T15:28:08Z,Observations,COORDINATE_ROUNDED;CONTINENT_DERIVED_FROM_COORDINATES
3892333951,Plantae,Kindbergia oregana,,PRESENT,49.782934,-123.148692,4,2022-08-13T15:26:24Z,Observations,COORDINATE_ROUNDED;CONTINENT_DERIVED_FROM_COORDINATES
3888766701,Plantae,Galeopsis tetrahit,,PRESENT,49.778856,-123.157053,NA,2018-09-04T13:05:08Z,Observations,COORDINATE_ROUNDED;CONTINENT_DERIVED_FROM_COORDINATES
3881808509,Plantae,Mycelis muralis,,PRESENT,49.793329,-123.13602,10508,2022-07-16T14:27:06Z,Observations,COORDINATE_ROUNDED;CONTINENT_DERIVED_FROM_COORDINATES
3881681557,Plantae,Spiraea douglasii,,PRESENT,49.782254,-123.147224,7,2022-07-24T14:50:11Z,Observations,COORDINATE_ROUNDED;CONTINENT_DERIVED_FROM_COORDINATES
3874036425,Plantae,Trifolium aureum,,PRESENT,49.782691,-123.147662,6,2022-07-24T14:46:50Z,Observations,COORDINATE_ROUNDED;CONTINENT_DERIVED_FROM_COORDINATES
3860700731,Plantae,Aruncus dioicus,,PRESENT,49.780497,-123.153594,7,2022-06-12T13:16:37Z,Observations,COORDINATE_ROUNDED;CONTINENT_DERIVED_FROM_COORDINATES
3860515822,Fungi,Caloscypha fulgens,,PRESENT,49.79372,-123.131897,5037,2022-04-26T17:05:33Z,Observations,COORDINATE_ROUNDED;CONTINENT_DERIVED_FROM_COORDINATES
3860401490,Plantae,Cornus unalaschkensis,,PRESENT,49.777668,-123.14431,8,2022-05-28T15:54:50Z,Observations,COORDINATE_ROUNDED;CONTINENT_DERIVED_FROM_COORDINATES
3860321829,Plantae,Lysimachia latifolia,,PRESENT,49.785307,-123.135129,NA,2022-06-17T09:59:00Z,Observations,COORDINATE_ROUNDED;CONTINENT_DERIVED_FROM_COORDINATES
3860289929,Plantae,Rhytidiopsis robusta,,PRESENT,49.786206,-123.134973,NA,2022-06-17T10:06:00Z,Observations,COORDINATE_ROUNDED;CONTINENT_DERIVED_FROM_COORDINATES
3860283904,Plantae,Corallorhiza mertensiana,,PRESENT,49.783887,-123.136801,NA,2022-06-17T10:09:00Z,Observations,COORDINATE_ROUNDED;CONTINENT_DERIVED_FROM_COORDINATES
3860264969,Plantae,Streptopus amplexifolius,,PRESENT,49.78469,-123.135436,NA,2022-06-17T10:00:00Z,Observations,COORDINATE_ROUNDED;CONTINENT_DERIVED_FROM_COORDINATES
3860245813,Plantae,Struthiopteris spicant,,PRESENT,49.792317,-123.131264,3926,2022-06-30T15:33:58Z,Observations,COORDINATE_ROUNDED;CONTINENT_DERIVED_FROM_COORDINATES
3860144927,Plantae,Corallorhiza mertensiana,,PRESENT,49.785656,-123.134894,NA,2022-06-17T09:55:00Z,Observations,COORDINATE_ROUNDED;CONTINENT_DERIVED_FROM_COORDINATES
3860143932,Plantae,Corallorhiza mertensiana,,PRESENT,49.785307,-123.135129,NA,2022-06-17T09:58:00Z,Observations,COORDINATE_ROUNDED;CONTINENT_DERIVED_FROM_COORDINATES
3860089697,Plantae,Cornus unalaschkensis,,PRESENT,49.777522,-123.149864,4,2022-06-12T12:25:32Z,Observations,COORDINATE_ROUNDED;CONTINENT_DERIVED_FROM_COORDINATES
3859991003,Plantae,Lysimachia latifolia,,PRESENT,49.786821,-123.134542,NA,2022-06-17T09:52:00Z,Observations,COORDINATE_ROUNDED;CONTINENT_DERIVED_FROM_COORDINATES
3859755626,Plantae,Clintonia uniflora,,PRESENT,49.787567,-123.134869,4,2022-05-29T12:26:18Z,Observations,COORDINATE_ROUNDED;CONTINENT_DERIVED_FROM_COORDINATES
3859740867,Plantae,Chimaphila menziesii,,PRESENT,49.78694,-123.134642,NA,2022-06-17T09:51:00Z,Observations,COORDINATE_ROUNDED;CONTINENT_DERIVED_FROM_COORDINATES
3859740492,Plantae,Hypopitys monotropa,,PRESENT,49.783938,-123.144899,8,2022-06-20T12:51:59Z,Observations,COORDINATE_ROUNDED;CONTINENT_DERIVED_FROM_COORDINATES
3859724826,Plantae,Corallorhiza mertensiana,,PRESENT,49.775792,-123.150505,4,2022-06-12T12:41:10Z,Observations,COORDINATE_ROUNDED;CONTINENT_DERIVED_FROM_COORDINATES
3859575570,Plantae,Goodyera oblongifolia,,PRESENT,49.787525,-123.13488,6,2022-05-29T12:27:23Z,Observations,COORDINATE_ROUNDED;CONTINENT_DERIVED_FROM_COORDINATES
3859436778,Plantae,Cornus unalaschkensis,,PRESENT,49.795738,-123.133415,3299,2022-05-30T17:48:44Z,Observations,COORDINATE_ROUNDED;CONTINENT_DERIVED_FROM_COORDINATES
3859239740,Plantae,Veronica officinalis,,PRESENT,49.777675,-123.152283,4,2022-06-12T12:21:57Z,Observations,COORDINATE_ROUNDED;CONTINENT_DERIVED_FROM_COORDINATES
3859081320,Plantae,Frangula purshiana,,PRESENT,49.787916,-123.135038,NA,2022-06-12T17:24:00Z,Observations,COORDINATE_ROUNDED;CONTINENT_DERIVED_FROM_COORDINATES
3858953736,Plantae,Gaultheria shallon,,PRESENT,49.777592,-123.149522,4,2022-06-12T12:26:41Z,Observations,COORDINATE_ROUNDED;CONTINENT_DERIVED_FROM_COORDINATES
3858718361,Plantae,Tellima grandiflora,,PRESENT,49.787686,-123.134937,NA,2022-06-12T18:34:00Z,Observations,COORDINATE_ROUNDED;CONTINENT_DERIVED_FROM_COORDINATES
3858709589,Plantae,Lonicera ciliosa,,PRESENT,49.787505,-123.134748,8,2022-05-29T12:21:19Z,Observations,COORDINATE_ROUNDED;CONTINENT_DERIVED_FROM_COORDINATES
3858608351,Plantae,Corallorhiza maculata,,PRESENT,49.787897,-123.135067,NA,2022-06-12T17:29:00Z,Observations,COORDINATE_ROUNDED;CONTINENT_DERIVED_FROM_COORDINATES
3858533296,Plantae,Corallorhiza mertensiana,,PRESENT,49.787916,-123.135038,NA,2022-06-12T17:23:00Z,Observations,COORDINATE_ROUNDED;CONTINENT_DERIVED_FROM_COORDINATES
3858487048,Plantae,Robinia pseudoacacia,,PRESENT,49.78915,-123.148619,24,2021-08-31T09:50:04Z,Observations,COORDINATE_ROUNDED;CONTINENT_DERIVED_FROM_COORDINATES
3858448825,Plantae,Lysichiton americanus,,PRESENT,49.793536,-123.13074400000001,3841,2022-05-28T11:34:00Z,Observations,COORDINATE_ROUNDED;CONTINENT_DERIVED_FROM_COORDINATES
3858421949,Plantae,Clintonia uniflora,,PRESENT,49.776537,-123.144067,16,2022-06-01T07:39:53Z,Observations,COORDINATE_ROUNDED;CONTINENT_DERIVED_FROM_COORDINATES
3858177733,Plantae,Pseudotsuga menziesii,,PRESENT,49.792837,-123.130346,4436,2021-07-01T18:46:01Z,Observations,COORDINATE_ROUNDED;CONTINENT_DERIVED_FROM_COORDINATES
3760112731,Fungi,Caloscypha fulgens,,PRESENT,49.781911,-123.144269,NA,2022-04-19T15:45:22Z,Observations,COORDINATE_ROUNDED;CONTINENT_DERIVED_FROM_COORDINATES
3689588361,Animalia,Setophaga nigrescens,Brackendale - Cheekye Fan,PRESENT,49.776333,-123.14773,NA,2021-06-04T00:00:00Z,EBIRD,CONTINENT_DERIVED_FROM_COORDINATES
3687796462,Animalia,Larus glaucescens,Brackendale - Cheekye Fan,PRESENT,49.776333,-123.14773,NA,2021-06-04T00:00:00Z,EBIRD,CONTINENT_DERIVED_FROM_COORDINATES
3687708557,Animalia,Catharus ustulatus,Brackendale - Cheekye Fan,PRESENT,49.776333,-123.14773,NA,2021-06-04T00:00:00Z,EBIRD,CONTINENT_DERIVED_FROM_COORDINATES
3685858107,Animalia,Leiothlypis celata,Brackendale - Cheekye Fan,PRESENT,49.776333,-123.14773,NA,2021-06-04T00:00:00Z,EBIRD,CONTINENT_DERIVED_FROM_COORDINATES
3682245785,Animalia,Corvus corax,Brackendale - Cheekye Fan,PRESENT,49.776333,-123.14773,NA,2021-06-04T00:00:00Z,EBIRD,CONTINENT_DERIVED_FROM_COORDINATES
3682093600,Animalia,Troglodytes pacificus,Brackendale - Cheekye Fan,PRESENT,49.776333,-123.14773,NA,2021-06-04T00:00:00Z,EBIRD,CONTINENT_DERIVED_FROM_COORDINATES
3681276118,Animalia,Vireo gilvus,Brackendale - Cheekye Fan,PRESENT,49.776333,-123.14773,NA,2021-06-04T00:00:00Z,EBIRD,CONTINENT_DERIVED_FROM_COORDINATES
3680689634,Animalia,Piranga ludoviciana,Brackendale - Cheekye Fan,PRESENT,49.776333,-123.14773,NA,2021-06-04T00:00:00Z,EBIRD,CONTINENT_DERIVED_FROM_COORDINATES
3680560465,Animalia,Zonotrichia leucophrys,Brackendale - Cheekye Fan,PRESENT,49.776333,-123.14773,NA,2021-06-04T00:00:00Z,EBIRD,CONTINENT_DERIVED_FROM_COORDINATES
3679999559,Animalia,Pipilo maculatus,Brackendale - Cheekye Fan,PRESENT,49.776333,-123.14773,NA,2021-06-04T00:00:00Z,EBIRD,CONTINENT_DERIVED_FROM_COORDINATES
3679974490,Animalia,Empidonax hammondii,Brackendale - Cheekye Fan,PRESENT,49.776333,-123.14773,NA,2021-06-04T00:00:00Z,EBIRD,CONTINENT_DERIVED_FROM_COORDINATES
3679119477,Animalia,Buteo jamaicensis,Squamish Landfill,PRESENT,49.786003,-123.146866,NA,2021-04-11T00:00:00Z,EBIRD,CONTINENT_DERIVED_FROM_COORDINATES
3679063310,Animalia,Setophaga townsendi,Brackendale - Cheekye Fan,PRESENT,49.776333,-123.14773,NA,2021-06-04T00:00:00Z,EBIRD,CONTINENT_DERIVED_FROM_COORDINATES
3678670604,Animalia,Geothlypis tolmiei,Brackendale - Cheekye Fan,PRESENT,49.776333,-123.14773,NA,2021-06-04T00:00:00Z,EBIRD,CONTINENT_DERIVED_FROM_COORDINATES
3676819468,Animalia,Empidonax traillii,Brackendale - Cheekye Fan,PRESENT,49.776333,-123.14773,NA,2021-06-04T00:00:00Z,EBIRD,CONTINENT_DERIVED_FROM_COORDINATES
3676382635,Animalia,Setophaga petechia,Brackendale - Cheekye Fan,PRESENT,49.776333,-123.14773,NA,2021-06-04T00:00:00Z,EBIRD,CONTINENT_DERIVED_FROM_COORDINATES
3669008664,Animalia,Larus glaucescens,"42901 Landfill Rd, Squamish CA-BC 49.78625, -123.14626",PRESENT,49.78625,-123.14626,NA,2021-12-19T00:00:00Z,EBIRD_CAN,CONTINENT_DERIVED_FROM_COORDINATES
3665364939,Animalia,Corvus brachyrhynchos,"42901 Landfill Rd, Squamish CA-BC 49.78625, -123.14626",PRESENT,49.78625,-123.14626,NA,2021-12-19T00:00:00Z,EBIRD_CAN,CONTINENT_DERIVED_FROM_COORDINATES
3663072351,Animalia,Corvus corax,"42901 Landfill Rd, Squamish CA-BC 49.78625, -123.14626",PRESENT,49.78625,-123.14626,NA,2021-12-19T00:00:00Z,EBIRD_CAN,CONTINENT_DERIVED_FROM_COORDINATES
3662605776,Animalia,Melospiza melodia,"42901 Landfill Rd, Squamish CA-BC 49.78625, -123.14626",PRESENT,49.78625,-123.14626,NA,2021-12-19T00:00:00Z,EBIRD_CAN,CONTINENT_DERIVED_FROM_COORDINATES
3661114456,Animalia,Agelaius phoeniceus,"42901 Landfill Rd, Squamish CA-BC 49.78625, -123.14626",PRESENT,49.78625,-123.14626,NA,2021-12-19T00:00:00Z,EBIRD_CAN,CONTINENT_DERIVED_FROM_COORDINATES
3660522785,Animalia,Sturnus vulgaris,"42901 Landfill Rd, Squamish CA-BC 49.78625, -123.14626",PRESENT,49.78625,-123.14626,NA,2021-12-19T00:00:00Z,EBIRD_CAN,CONTINENT_DERIVED_FROM_COORDINATES
3660095371,Animalia,Haliaeetus leucocephalus,"42901 Landfill Rd, Squamish CA-BC 49.78625, -123.14626",PRESENT,49.78625,-123.14626,NA,2021-12-19T00:00:00Z,EBIRD_CAN,CONTINENT_DERIVED_FROM_COORDINATES
3656823194,Animalia,Euphagus cyanocephalus,"42901 Landfill Rd, Squamish CA-BC 49.78625, -123.14626",PRESENT,49.78625,-123.14626,NA,2021-12-19T00:00:00Z,EBIRD_CAN,CONTINENT_DERIVED_FROM_COORDINATES
3625049532,Animalia,Vireo cassinii,Brackendale - Cheekye Fan,PRESENT,49.776333,-123.14773,NA,2021-06-04T00:00:00Z,EBIRD,CONTINENT_DERIVED_FROM_COORDINATES
3600089820,Animalia,Corvus brachyrhynchos,Brackendale - Cheekye Fan,PRESENT,49.776333,-123.14773,NA,2021-02-05T00:00:00Z,EBIRD,CONTINENT_DERIVED_FROM_COORDINATES
3595756188,Animalia,Melospiza melodia,Brackendale - Cheekye Fan,PRESENT,49.776333,-123.14773,NA,2021-02-05T00:00:00Z,EBIRD,CONTINENT_DERIVED_FROM_COORDINATES
3595475879,Animalia,Corvus corax,Brackendale - Cheekye Fan,PRESENT,49.776333,-123.14773,NA,2021-02-05T00:00:00Z,EBIRD,CONTINENT_DERIVED_FROM_COORDINATES
3594663412,Animalia,Larus glaucescens,Brackendale - Cheekye Fan,PRESENT,49.776333,-123.14773,NA,2021-02-05T00:00:00Z,EBIRD,CONTINENT_DERIVED_FROM_COORDINATES
3593038495,Animalia,Haliaeetus leucocephalus,Brackendale - Cheekye Fan,PRESENT,49.776333,-123.14773,NA,2021-02-05T00:00:00Z,EBIRD,CONTINENT_DERIVED_FROM_COORDINATES
3592271321,Animalia,Sitta canadensis,Brackendale - Cheekye Fan,PRESENT,49.776333,-123.14773,NA,2021-02-05T00:00:00Z,EBIRD,CONTINENT_DERIVED_FROM_COORDINATES
3590630173,Animalia,Junco hyemalis,Brackendale - Cheekye Fan,PRESENT,49.776333,-123.14773,NA,2021-02-05T00:00:00Z,EBIRD,CONTINENT_DERIVED_FROM_COORDINATES
3586752207,Animalia,Corvus brachyrhynchos,"42901 Landfill Rd, Squamish CA-BC 49.78625, -123.14626",PRESENT,49.78625,-123.14626,NA,2021-12-19T00:00:00Z,EBIRD_CAN,CONTINENT_DERIVED_FROM_COORDINATES
3586576416,Animalia,Sturnus vulgaris,"42901 Landfill Rd, Squamish CA-BC 49.78625, -123.14626",PRESENT,49.78625,-123.14626,NA,2021-12-19T00:00:00Z,EBIRD_CAN,CONTINENT_DERIVED_FROM_COORDINATES
3586333007,Animalia,Agelaius phoeniceus,"42901 Landfill Rd, Squamish CA-BC 49.78625, -123.14626",PRESENT,49.78625,-123.14626,NA,2021-12-19T00:00:00Z,EBIRD_CAN,CONTINENT_DERIVED_FROM_COORDINATES
3586045984,Animalia,Larus glaucescens,"42901 Landfill Rd, Squamish CA-BC 49.78625, -123.14626",PRESENT,49.78625,-123.14626,NA,2021-12-19T00:00:00Z,EBIRD_CAN,CONTINENT_DERIVED_FROM_COORDINATES
3585817236,Animalia,Melospiza melodia,"42901 Landfill Rd, Squamish CA-BC 49.78625, -123.14626",PRESENT,49.78625,-123.14626,NA,2021-12-19T00:00:00Z,EBIRD_CAN,CONTINENT_DERIVED_FROM_COORDINATES
3578888850,Animalia,Spinus pinus,"Triathlon Trail, Squamish, British Columbia, CA (49.777, -123.146)",PRESENT,49.77744,-123.146034,NA,2021-12-28T00:00:00Z,EBIRD,CONTINENT_DERIVED_FROM_COORDINATES
3578208449,Animalia,Corvus corax,"42901 Landfill Rd, Squamish CA-BC 49.78625, -123.14626",PRESENT,49.78625,-123.14626,NA,2021-12-19T00:00:00Z,EBIRD_CAN,CONTINENT_DERIVED_FROM_COORDINATES
3574423056,Animalia,Corvus corax,"Triathlon Trail, Squamish, British Columbia, CA (49.777, -123.146)",PRESENT,49.77744,-123.146034,NA,2021-12-28T00:00:00Z,EBIRD,CONTINENT_DERIVED_FROM_COORDINATES
3573700187,Animalia,Anas crecca,"Triathlon Trail, Squamish, British Columbia, CA (49.777, -123.146)",PRESENT,49.77744,-123.146034,NA,2021-12-28T00:00:00Z,EBIRD,CONTINENT_DERIVED_FROM_COORDINATES
3573047544,Animalia,Haliaeetus leucocephalus,"42901 Landfill Rd, Squamish CA-BC 49.78625, -123.14626",PRESENT,49.78625,-123.14626,NA,2021-12-19T00:00:00Z,EBIRD_CAN,CONTINENT_DERIVED_FROM_COORDINATES
3572109111,Animalia,Haliaeetus leucocephalus,"Triathlon Trail, Squamish, British Columbia, CA (49.777, -123.146)",PRESENT,49.77744,-123.146034,NA,2021-12-28T00:00:00Z,EBIRD,CONTINENT_DERIVED_FROM_COORDINATES
3569505291,Animalia,Euphagus cyanocephalus,"42901 Landfill Rd, Squamish CA-BC 49.78625, -123.14626",PRESENT,49.78625,-123.14626,NA,2021-12-19T00:00:00Z,EBIRD_CAN,CONTINENT_DERIVED_FROM_COORDINATES
3527667591,Animalia,Haliaeetus leucocephalus,"Auto selected 49.77881, -123.14114",PRESENT,49.778816,-123.14114,NA,2021-02-15T00:00:00Z,EBIRD,CONTINENT_DERIVED_FROM_COORDINATES
3523341950,Animalia,Corvus corax,"Auto selected 49.77881, -123.14114",PRESENT,49.778816,-123.14114,NA,2021-02-15T00:00:00Z,EBIRD,CONTINENT_DERIVED_FROM_COORDINATES
3519478366,Animalia,Turdus migratorius,Brackendale - Cheekye Fan,PRESENT,49.776333,-123.14773,NA,2021-06-04T00:00:00Z,EBIRD,CONTINENT_DERIVED_FROM_COORDINATES
3478076512,Plantae,Atrichum selwynii,,PRESENT,49.7926,-123.1568,NA,1960-12-14T00:00:00Z,NHC-BOT,GEODETIC_DATUM_ASSUMED_WGS84;CONTINENT_DERIVED_FROM_COORDINATES;COLLECTION_MATCH_NONE
3466270237,Plantae,Chimaphila menziesii,,PRESENT,49.780219,-123.153603,NA,2021-06-17T15:10:48Z,Observations,COORDINATE_ROUNDED;CONTINENT_DERIVED_FROM_COORDINATES
3466264534,Plantae,Chimaphila menziesii,,PRESENT,49.780358,-123.153633,NA,2021-06-17T15:36:43Z,Observations,COORDINATE_ROUNDED;CONTINENT_DERIVED_FROM_COORDINATES
3466179464,Fungi,Aleuria aurantia,,PRESENT,49.778655,-123.136824,5129,2021-10-02T12:48:30Z,Observations,COORDINATE_ROUNDED;CONTINENT_DERIVED_FROM_COORDINATES
3457167457,Plantae,Cytisus scoparius,,PRESENT,49.775562,-123.143578,23,2022-01-18T15:50:41Z,Observations,COORDINATE_ROUNDED;CONTINENT_DERIVED_FROM_COORDINATES
3456780311,Plantae,Asarum caudatum,,PRESENT,49.781368,-123.127647,16,2021-06-12T15:34:49Z,Observations,COORDINATE_ROUNDED;CONTINENT_DERIVED_FROM_COORDINATES
3456723539,Plantae,Mahonia aquifolium,,PRESENT,49.793945,-123.131996,NA,2021-07-30T16:05:50Z,Observations,COORDINATE_ROUNDED;CONTINENT_DERIVED_FROM_COORDINATES
3415500091,Fungi,Craterellus tubaeformis,,PRESENT,49.788249,-123.148797,957,2021-10-09T12:53:00Z,Observations,COORDINATE_ROUNDED;CONTINENT_DERIVED_FROM_COORDINATES
3414085361,Plantae,Allotropa virgata,"Squamish, 8.5 km due north of town centre, 1.1 km due west of Alice Lake, 142 m west of Highway 99",PRESENT,49.7785,-123.140194,NA,2016-06-28T00:00:00Z,UBCVascular,CONTINENT_DERIVED_FROM_COORDINATES;INSTITUTION_MATCH_NONE
3414073453,Plantae,Hypopitys monotropa,"Squamish, 8.5 km due north of town centre, 1.1 km due west of Alice Lake, 142 m west of Highway 99",PRESENT,49.7785,-123.140194,NA,2016-06-28T00:00:00Z,UBCVascular,CONTINENT_DERIVED_FROM_COORDINATES;INSTITUTION_MATCH_NONE
3408233093,Fungi,Lactarius deliciosus,,PRESENT,49.78495,-123.137642,NA,2021-11-01T15:43:18Z,Observations,COORDINATE_ROUNDED;CONTINENT_DERIVED_FROM_COORDINATES
3408219119,Fungi,Aureoboletus mirabilis,,PRESENT,49.78403,-123.14315,4,2021-10-17T11:25:46Z,Observations,CONTINENT_DERIVED_FROM_COORDINATES
3407919082,Fungi,Craterellus tubaeformis,,PRESENT,49.783779,-123.137063,2147,2021-11-01T14:59:54Z,Observations,COORDINATE_ROUNDED;CONTINENT_DERIVED_FROM_COORDINATES
3398785559,Animalia,Ascaphus truei,,PRESENT,49.794075,-123.131669,5,2021-09-26T07:33:00Z,Observations,COORDINATE_ROUNDED;CONTINENT_DERIVED_FROM_COORDINATES
3398133862,Animalia,Oncorhynchus kisutch,BROHM RIVER,PRESENT,49.793786,-123.131884,NA,1983-02-15T00:00:00Z,,COORDINATE_ROUNDED;GEODETIC_DATUM_ASSUMED_WGS84;COUNTRY_DERIVED_FROM_COORDINATES;CONTINENT_DERIVED_FROM_COORDINATES
3398126765,Animalia,Oncorhynchus kisutch,BROHM RIVER,PRESENT,49.793786,-123.131884,NA,1979-01-01T00:00:00Z,,COORDINATE_ROUNDED;GEODETIC_DATUM_ASSUMED_WGS84;COUNTRY_DERIVED_FROM_COORDINATES;CONTINENT_DERIVED_FROM_COORDINATES
3398125998,Animalia,Oncorhynchus kisutch,BROHM RIVER,PRESENT,49.793786,-123.131884,NA,1984-12-19T00:00:00Z,,COORDINATE_ROUNDED;GEODETIC_DATUM_ASSUMED_WGS84;COUNTRY_DERIVED_FROM_COORDINATES;CONTINENT_DERIVED_FROM_COORDINATES
3398012781,Animalia,Oncorhynchus kisutch,BROHM RIVER,PRESENT,49.793786,-123.131884,NA,1980-01-01T00:00:00Z,,COORDINATE_ROUNDED;GEODETIC_DATUM_ASSUMED_WGS84;COUNTRY_DERIVED_FROM_COORDINATES;CONTINENT_DERIVED_FROM_COORDINATES
3398012082,Animalia,Oncorhynchus kisutch,BROHM RIVER,PRESENT,49.793786,-123.131884,NA,1985-11-21T00:00:00Z,,COORDINATE_ROUNDED;GEODETIC_DATUM_ASSUMED_WGS84;COUNTRY_DERIVED_FROM_COORDINATES;CONTINENT_DERIVED_FROM_COORDINATES
3398011863,Animalia,Oncorhynchus kisutch,BROHM RIVER,PRESENT,49.793786,-123.131884,NA,1981-01-01T00:00:00Z,,COORDINATE_ROUNDED;GEODETIC_DATUM_ASSUMED_WGS84;COUNTRY_DERIVED_FROM_COORDINATES;CONTINENT_DERIVED_FROM_COORDINATES
3398005855,Animalia,Oncorhynchus kisutch,BROHM RIVER,PRESENT,49.793786,-123.131884,NA,1982-08-15T00:00:00Z,,COORDINATE_ROUNDED;GEODETIC_DATUM_ASSUMED_WGS84;COUNTRY_DERIVED_FROM_COORDINATES;CONTINENT_DERIVED_FROM_COORDINATES
3385166277,Plantae,Goodyera oblongifolia,,PRESENT,49.78325,-123.141961,35,2021-09-25T15:58:06Z,Observations,COORDINATE_ROUNDED;CONTINENT_DERIVED_FROM_COORDINATES
3355513932,Plantae,Monotropa uniflora,,PRESENT,49.778362,-123.156319,NA,2021-07-16T13:12:06Z,Observations,COORDINATE_ROUNDED;CONTINENT_DERIVED_FROM_COORDINATES
3351092162,Plantae,Acer circinatum,"British Columbia, Squamish-Lillooet Regional District, Alice Lake Provincial Park, road to picnic area",PRESENT,49.779999,-123.129997,NA,2012-07-25T00:00:00Z,,COORDINATE_ROUNDED;GEODETIC_DATUM_ASSUMED_WGS84;CONTINENT_DERIVED_FROM_COORDINATES
3337824937,Plantae,Orthilia secunda,,PRESENT,49.787298,-123.136166,8,2021-08-18T08:08:00Z,Observations,COORDINATE_ROUNDED;CONTINENT_DERIVED_FROM_COORDINATES
3337621065,Plantae,Orthilia secunda,,PRESENT,49.787317,-123.136147,15,2021-08-18T08:08:00Z,Observations,COORDINATE_ROUNDED;CONTINENT_DERIVED_FROM_COORDINATES
3337594111,Plantae,Lysimachia latifolia,,PRESENT,49.787298,-123.136166,8,2021-08-18T08:12:00Z,Observations,COORDINATE_ROUNDED;CONTINENT_DERIVED_FROM_COORDINATES
3333140344,Plantae,Prunella vulgaris,,PRESENT,49.796086,-123.128063,3,2020-07-04T14:28:36Z,Observations,COORDINATE_ROUNDED;CONTINENT_DERIVED_FROM_COORDINATES
3328160530,Plantae,Monotropa uniflora,,PRESENT,49.796135,-123.133713,96,2021-07-14T11:46:32Z,Observations,COORDINATE_ROUNDED;CONTINENT_DERIVED_FROM_COORDINATES
3328146447,Plantae,Monotropa uniflora,,PRESENT,49.796002,-123.131976,3783,2021-07-14T17:00:47Z,Observations,COORDINATE_ROUNDED;CONTINENT_DERIVED_FROM_COORDINATES
3325718036,Plantae,Hypopitys monotropa,,PRESENT,49.776714,-123.150556,171,2021-07-04T16:30:49Z,Observations,CONTINENT_DERIVED_FROM_COORDINATES
3320953021,Animalia,Cyanocitta stelleri,,PRESENT,49.795247,-123.128608,3020,2021-06-26T10:25:16Z,Observations,COORDINATE_ROUNDED;CONTINENT_DERIVED_FROM_COORDINATES
3320912046,Plantae,Chimaphila umbellata,,PRESENT,49.780369,-123.153689,NA,2021-06-24T12:58:14Z,Observations,COORDINATE_ROUNDED;CONTINENT_DERIVED_FROM_COORDINATES
3314511809,Plantae,Drosera rotundifolia,,PRESENT,49.795632,-123.13709,3200,2021-06-19T22:27:26Z,Observations,COORDINATE_ROUNDED;CONTINENT_DERIVED_FROM_COORDINATES
3307492115,Protozoa,Lycogala epidendrum,,PRESENT,49.796779,-123.129068,2900,2021-06-17T02:27:35Z,Observations,COORDINATE_ROUNDED;CONTINENT_DERIVED_FROM_COORDINATES
3302522312,Plantae,Lupinus polyphyllus,,PRESENT,49.788067,-123.132797,8,2021-06-03T15:34:25Z,Observations,COORDINATE_ROUNDED;CONTINENT_DERIVED_FROM_COORDINATES
3302423091,Plantae,Corallorhiza mertensiana,,PRESENT,49.782541,-123.144592,289,2021-05-29T15:06:49Z,Observations,COORDINATE_ROUNDED;CONTINENT_DERIVED_FROM_COORDINATES
3302059511,Plantae,Cornus unalaschkensis,,PRESENT,49.776925,-123.14908,226,2021-05-30T09:35:38Z,Observations,COORDINATE_ROUNDED;CONTINENT_DERIVED_FROM_COORDINATES
3301978394,Plantae,Gaultheria shallon,,PRESENT,49.798442,-123.142769,2462,2021-06-03T11:30:13Z,Observations,COORDINATE_ROUNDED;CONTINENT_DERIVED_FROM_COORDINATES
3301865172,Plantae,Cytisus scoparius,,PRESENT,49.779897,-123.145853,150,2021-05-30T09:23:13Z,Observations,COORDINATE_ROUNDED;CONTINENT_DERIVED_FROM_COORDINATES
3285382220,Animalia,Poecile rufescens,Alice Lake Road,PRESENT,49.787807,-123.12995,NA,2020-07-04T00:00:00Z,EBIRD,CONTINENT_DERIVED_FROM_COORDINATES
3280863183,Animalia,Vireo gilvus,Alice Lake Road,PRESENT,49.787807,-123.12995,NA,2020-07-04T00:00:00Z,EBIRD,CONTINENT_DERIVED_FROM_COORDINATES
3271485282,Animalia,Catharus ustulatus,Alice Lake Road,PRESENT,49.787807,-123.12995,NA,2020-07-04T00:00:00Z,EBIRD,CONTINENT_DERIVED_FROM_COORDINATES
3271107175,Animalia,Spinus pinus,"Sea To Sky Hwy, Squamish CA-BC 49.77808, -123.13815",PRESENT,49.77808,-123.13815,NA,2020-11-26T00:00:00Z,EBIRD_CAN,CONTINENT_DERIVED_FROM_COORDINATES
3269062255,Animalia,Empidonax hammondii,Alice Lake Road,PRESENT,49.787807,-123.12995,NA,2020-07-04T00:00:00Z,EBIRD,CONTINENT_DERIVED_FROM_COORDINATES
3268717135,Animalia,Turdus migratorius,Alice Lake Road,PRESENT,49.787807,-123.12995,NA,2020-07-04T00:00:00Z,EBIRD,CONTINENT_DERIVED_FROM_COORDINATES
3258895186,Animalia,Troglodytes pacificus,Alice Lake Road,PRESENT,49.787807,-123.12995,NA,2020-07-04T00:00:00Z,EBIRD,CONTINENT_DERIVED_FROM_COORDINATES
3258650138,Animalia,Piranga ludoviciana,Alice Lake Road,PRESENT,49.787807,-123.12995,NA,2020-07-04T00:00:00Z,EBIRD,CONTINENT_DERIVED_FROM_COORDINATES
3257505086,Animalia,Geothlypis tolmiei,Alice Lake Road,PRESENT,49.787807,-123.12995,NA,2020-07-04T00:00:00Z,EBIRD,CONTINENT_DERIVED_FROM_COORDINATES
3215438476,Animalia,Turdus migratorius,"Squamish Valley Road, Squamish, British Columbia, CA (49.792, -123.146)",PRESENT,49.79234,-123.1462,NA,2020-08-02T00:00:00Z,EBIRD,CONTINENT_DERIVED_FROM_COORDINATES
3212968475,Animalia,Corvus corax,"Squamish Valley Road, Squamish, British Columbia, CA (49.792, -123.146)",PRESENT,49.79234,-123.1462,NA,2020-08-02T00:00:00Z,EBIRD,CONTINENT_DERIVED_FROM_COORDINATES
3212527507,Animalia,Selasphorus rufus,"Squamish Valley Road, Squamish, British Columbia, CA (49.792, -123.146)",PRESENT,49.79234,-123.1462,NA,2020-08-02T00:00:00Z,EBIRD,CONTINENT_DERIVED_FROM_COORDINATES
3212417566,Animalia,Contopus sordidulus,"Squamish Valley Road, Squamish, British Columbia, CA (49.792, -123.146)",PRESENT,49.79234,-123.1462,NA,2020-08-02T00:00:00Z,EBIRD,CONTINENT_DERIVED_FROM_COORDINATES
3207486535,Animalia,Spinus tristis,"Squamish Valley Road, Squamish, British Columbia, CA (49.792, -123.146)",PRESENT,49.79234,-123.1462,NA,2020-08-02T00:00:00Z,EBIRD,CONTINENT_DERIVED_FROM_COORDINATES
3204795156,Animalia,Haliaeetus leucocephalus,Squamish Landfill,PRESENT,49.785988,-123.14684,NA,2020-10-17T00:00:00Z,EBIRD,CONTINENT_DERIVED_FROM_COORDINATES
3190952588,Animalia,Empidonax traillii,Brackendale - Cheekye Fan,PRESENT,49.776333,-123.14773,NA,2020-06-06T00:00:00Z,EBIRD,CONTINENT_DERIVED_FROM_COORDINATES
3184748257,Animalia,Catharus ustulatus,Squamish Valley Road--  Cheekye to BC Hwy 99,PRESENT,49.782642,-123.15333,NA,2020-07-04T00:00:00Z,EBIRD,CONTINENT_DERIVED_FROM_COORDINATES
3184147311,Animalia,Corvus corax,Squamish Valley Road--  Cheekye to BC Hwy 99,PRESENT,49.782642,-123.15333,NA,2020-07-04T00:00:00Z,EBIRD,CONTINENT_DERIVED_FROM_COORDINATES
3184004556,Animalia,Pipilo maculatus,Brackendale - Cheekye Fan,PRESENT,49.776333,-123.14773,NA,2020-06-06T00:00:00Z,EBIRD,CONTINENT_DERIVED_FROM_COORDINATES
3183268505,Animalia,Pheucticus melanocephalus,Brackendale - Cheekye Fan,PRESENT,49.776333,-123.14773,NA,2020-06-06T00:00:00Z,EBIRD,CONTINENT_DERIVED_FROM_COORDINATES
3178047530,Animalia,Zonotrichia leucophrys,Brackendale - Cheekye Fan,PRESENT,49.776333,-123.14773,NA,2020-06-06T00:00:00Z,EBIRD,CONTINENT_DERIVED_FROM_COORDINATES
3177707236,Animalia,Setophaga townsendi,Brackendale - Cheekye Fan,PRESENT,49.776333,-123.14773,NA,2020-06-06T00:00:00Z,EBIRD,CONTINENT_DERIVED_FROM_COORDINATES
3177071548,Animalia,Leiothlypis celata,Brackendale - Cheekye Fan,PRESENT,49.776333,-123.14773,NA,2020-06-06T00:00:00Z,EBIRD,CONTINENT_DERIVED_FROM_COORDINATES
3175722329,Animalia,Piranga ludoviciana,Brackendale - Cheekye Fan,PRESENT,49.776333,-123.14773,NA,2020-06-06T00:00:00Z,EBIRD,CONTINENT_DERIVED_FROM_COORDINATES
3172510017,Animalia,Pipilo maculatus,Squamish Valley Road--  Cheekye to BC Hwy 99,PRESENT,49.782642,-123.15333,NA,2020-07-04T00:00:00Z,EBIRD,CONTINENT_DERIVED_FROM_COORDINATES
3171595553,Animalia,Empidonax hammondii,Brackendale - Cheekye Fan,PRESENT,49.776333,-123.14773,NA,2020-06-06T00:00:00Z,EBIRD,CONTINENT_DERIVED_FROM_COORDINATES
3170787247,Animalia,Empidonax traillii,Squamish Valley Road--  Cheekye to BC Hwy 99,PRESENT,49.782642,-123.15333,NA,2020-07-04T00:00:00Z,EBIRD,CONTINENT_DERIVED_FROM_COORDINATES
3168749641,Animalia,Troglodytes pacificus,Brackendale - Cheekye Fan,PRESENT,49.776333,-123.14773,NA,2020-06-06T00:00:00Z,EBIRD,CONTINENT_DERIVED_FROM_COORDINATES
3168425183,Animalia,Turdus migratorius,Squamish Valley Road--  Cheekye to BC Hwy 99,PRESENT,49.782642,-123.15333,NA,2020-07-04T00:00:00Z,EBIRD,CONTINENT_DERIVED_FROM_COORDINATES
3166809313,Animalia,Sitta canadensis,Brackendale - Cheekye Fan,PRESENT,49.776333,-123.14773,NA,2020-06-06T00:00:00Z,EBIRD,CONTINENT_DERIVED_FROM_COORDINATES
3166473166,Animalia,Zonotrichia leucophrys,Squamish Valley Road--  Cheekye to BC Hwy 99,PRESENT,49.782642,-123.15333,NA,2020-07-04T00:00:00Z,EBIRD,CONTINENT_DERIVED_FROM_COORDINATES
3165943513,Animalia,Dryocopus pileatus,Brackendale - Cheekye Fan,PRESENT,49.776333,-123.14773,NA,2020-06-06T00:00:00Z,EBIRD,CONTINENT_DERIVED_FROM_COORDINATES
3164435351,Animalia,Catharus ustulatus,Brackendale - Cheekye Fan,PRESENT,49.776333,-123.14773,NA,2020-06-06T00:00:00Z,EBIRD,CONTINENT_DERIVED_FROM_COORDINATES
3164044262,Animalia,Vireo gilvus,Brackendale - Cheekye Fan,PRESENT,49.776333,-123.14773,NA,2020-06-06T00:00:00Z,EBIRD,CONTINENT_DERIVED_FROM_COORDINATES
3163090350,Animalia,Setophaga nigrescens,Brackendale - Cheekye Fan,PRESENT,49.776333,-123.14773,NA,2020-06-06T00:00:00Z,EBIRD,CONTINENT_DERIVED_FROM_COORDINATES
3162874392,Animalia,Spinus tristis,Brackendale - Cheekye Fan,PRESENT,49.776333,-123.14773,NA,2020-06-06T00:00:00Z,EBIRD,CONTINENT_DERIVED_FROM_COORDINATES
3161328510,Animalia,Junco hyemalis,Brackendale - Cheekye Fan,PRESENT,49.776333,-123.14773,NA,2020-06-06T00:00:00Z,EBIRD,CONTINENT_DERIVED_FROM_COORDINATES
3160749234,Animalia,Haliaeetus leucocephalus,Paul Peters Trail,PRESENT,49.781387,-123.14211,NA,2020-04-25T00:00:00Z,EBIRD,CONTINENT_DERIVED_FROM_COORDINATES
3160152301,Animalia,Corvus corax,Brackendale - Cheekye Fan,PRESENT,49.776333,-123.14773,NA,2020-06-06T00:00:00Z,EBIRD,CONTINENT_DERIVED_FROM_COORDINATES
3159998363,Animalia,Turdus migratorius,Brackendale - Cheekye Fan,PRESENT,49.776333,-123.14773,NA,2020-06-06T00:00:00Z,EBIRD,CONTINENT_DERIVED_FROM_COORDINATES
3159754913,Animalia,Leiothlypis ruficapilla,"45990â€“46020 Government Rd, Squamish CA-BC 49.78058, -123.15771",PRESENT,49.78058,-123.15771,NA,2020-05-26T00:00:00Z,EBIRD_CAN,CONTINENT_DERIVED_FROM_COORDINATES
3159432380,Animalia,Setophaga coronata,Brackendale - Cheekye Fan,PRESENT,49.776333,-123.14773,NA,2020-06-06T00:00:00Z,EBIRD,CONTINENT_DERIVED_FROM_COORDINATES
3158902561,Animalia,Contopus sordidulus,Brackendale - Cheekye Fan,PRESENT,49.776333,-123.14773,NA,2020-06-06T00:00:00Z,EBIRD,CONTINENT_DERIVED_FROM_COORDINATES
3157199232,Animalia,Zonotrichia leucophrys,Paul Peters Trail,PRESENT,49.781387,-123.14211,NA,2020-04-25T00:00:00Z,EBIRD,CONTINENT_DERIVED_FROM_COORDINATES
3148697147,Animalia,Cardellina pusilla,Paul Peters Trail,PRESENT,49.781387,-123.14211,NA,2020-04-25T00:00:00Z,EBIRD,CONTINENT_DERIVED_FROM_COORDINATES
3113628385,Plantae,Maianthemum racemosum,,PRESENT,49.796782,-123.137976,3299,2021-05-10T19:09:11Z,Observations,COORDINATE_ROUNDED;CONTINENT_DERIVED_FROM_COORDINATES
3113502377,Plantae,Vaccinium parvifolium,,PRESENT,49.796782,-123.137976,3299,2021-05-10T18:41:45Z,Observations,COORDINATE_ROUNDED;CONTINENT_DERIVED_FROM_COORDINATES
3113483393,Plantae,Streptopus amplexifolius,,PRESENT,49.796782,-123.137976,3299,2021-05-10T18:45:29Z,Observations,COORDINATE_ROUNDED;CONTINENT_DERIVED_FROM_COORDINATES
3113405378,Plantae,Mahonia nervosa,,PRESENT,49.796782,-123.137976,3299,2021-05-10T19:11:54Z,Observations,COORDINATE_ROUNDED;CONTINENT_DERIVED_FROM_COORDINATES
3112943740,Plantae,Viola sempervirens,,PRESENT,49.786987,-123.140083,15,2021-05-02T13:03:00Z,Observations,COORDINATE_ROUNDED;CONTINENT_DERIVED_FROM_COORDINATES
3112926758,Plantae,Neckera douglasii,,PRESENT,49.786987,-123.140083,15,2021-05-02T12:55:00Z,Observations,COORDINATE_ROUNDED;CONTINENT_DERIVED_FROM_COORDINATES
3112923734,Plantae,Tiarella trifoliata,,PRESENT,49.786987,-123.140083,15,2021-05-02T12:28:00Z,Observations,COORDINATE_ROUNDED;CONTINENT_DERIVED_FROM_COORDINATES
3112872761,Plantae,Plagiomnium insigne,,PRESENT,49.786987,-123.140083,15,2021-05-02T12:23:00Z,Observations,COORDINATE_ROUNDED;CONTINENT_DERIVED_FROM_COORDINATES
3112871752,Plantae,Polytrichastrum alpinum,,PRESENT,49.786987,-123.140083,15,2021-05-02T12:21:00Z,Observations,COORDINATE_ROUNDED;CONTINENT_DERIVED_FROM_COORDINATES
3112869746,Plantae,Goodyera oblongifolia,,PRESENT,49.786987,-123.140083,15,2021-05-02T12:24:00Z,Observations,COORDINATE_ROUNDED;CONTINENT_DERIVED_FROM_COORDINATES
3112831864,Plantae,Ribes lacustre,,PRESENT,49.791217,-123.130251,11000,2021-05-06T13:58:13Z,Observations,COORDINATE_ROUNDED;CONTINENT_DERIVED_FROM_COORDINATES
3112823802,Animalia,Ensatina eschscholtzii,,PRESENT,49.786987,-123.140083,15,2021-05-02T12:07:00Z,Observations,COORDINATE_ROUNDED;CONTINENT_DERIVED_FROM_COORDINATES
3112792938,Plantae,Geum macrophyllum,,PRESENT,49.797492,-123.132945,6122,2021-05-06T14:14:05Z,Observations,COORDINATE_ROUNDED;CONTINENT_DERIVED_FROM_COORDINATES
3112761765,Plantae,Plagiomnium insigne,,PRESENT,49.786987,-123.140083,15,2021-05-02T12:09:00Z,Observations,COORDINATE_ROUNDED;CONTINENT_DERIVED_FROM_COORDINATES
3112637928,Plantae,Maianthemum stellatum,,PRESENT,49.792804,-123.128562,11000,2021-05-06T14:28:39Z,Observations,COORDINATE_ROUNDED;CONTINENT_DERIVED_FROM_COORDINATES
3018134785,Animalia,Aquila chrysaetos,,PRESENT,49.777739,-123.135286,85,2020-11-11T12:30:00Z,Observations,CONTINENT_DERIVED_FROM_COORDINATES
3018134566,Fungi,Hohenbuehelia serotina,,PRESENT,49.780027,-123.158139,72,2020-11-23T13:41:50Z,Observations,COORDINATE_ROUNDED;CONTINENT_DERIVED_FROM_COORDINATES
3017983423,Plantae,Tiarella trifoliata,,PRESENT,49.782141,-123.127323,16,2020-06-19T11:23:16Z,Observations,COORDINATE_ROUNDED;CONTINENT_DERIVED_FROM_COORDINATES
3008436533,Plantae,Geranium robertianum,,PRESENT,49.79715,-123.131394,9245,2020-11-01T14:00:50Z,Observations,COORDINATE_ROUNDED;CONTINENT_DERIVED_FROM_COORDINATES
2992835868,Plantae,Hemitomes congestum,,PRESENT,49.77603,-123.150569,NA,2016-06-20T14:08:32Z,Observations,CONTINENT_DERIVED_FROM_COORDINATES
2992775965,Fungi,Pseudohydnum gelatinosum,,PRESENT,49.788877,-123.136809,1328,2020-12-01T14:49:50Z,Observations,COORDINATE_ROUNDED;CONTINENT_DERIVED_FROM_COORDINATES
2992747549,Fungi,Craterellus tubaeformis,,PRESENT,49.779594,-123.151439,792,2020-10-19T18:04:04Z,Observations,COORDINATE_ROUNDED;CONTINENT_DERIVED_FROM_COORDINATES
2992724845,Plantae,Hemitomes congestum,,PRESENT,49.776056,-123.15065,42,2016-06-20T13:28:12Z,Observations,CONTINENT_DERIVED_FROM_COORDINATES
2988642308,Plantae,Apocynum androsaemifolium,,PRESENT,49.782881,-123.147678,NA,2017-07-08T01:51:41Z,Observations,COORDINATE_ROUNDED;CONTINENT_DERIVED_FROM_COORDINATES
2988501183,Plantae,Cornus unalaschkensis,,PRESENT,49.776945,-123.145226,85,2019-05-11T15:34:48Z,Observations,CONTINENT_DERIVED_FROM_COORDINATES
2988382313,Plantae,Trifolium aureum,,PRESENT,49.782498,-123.147305,NA,2017-07-08T02:20:26Z,Observations,COORDINATE_ROUNDED;CONTINENT_DERIVED_FROM_COORDINATES
2988374148,Plantae,Corallorhiza mertensiana,,PRESENT,49.775379,-123.151427,NA,2016-05-24T16:18:41Z,Observations,CONTINENT_DERIVED_FROM_COORDINATES
2988356611,Plantae,Tsuga heterophylla,,PRESENT,49.794684,-123.134923,4000,2020-07-30T17:37:02Z,Observations,COORDINATE_ROUNDED;CONTINENT_DERIVED_FROM_COORDINATES
2988314566,Plantae,Geranium robertianum,,PRESENT,49.794684,-123.134923,4000,2020-07-30T17:31:10Z,Observations,COORDINATE_ROUNDED;CONTINENT_DERIVED_FROM_COORDINATES
2988272321,Plantae,,,PRESENT,49.785747,-123.136511,92,2018-06-27T09:13:00Z,Observations,COORDINATE_ROUNDED;CONTINENT_DERIVED_FROM_COORDINATES
2984377544,Fungi,Russula xerampelina,,PRESENT,49.782589,-123.148683,1042,2020-10-24T13:12:11Z,Observations,COORDINATE_ROUNDED;CONTINENT_DERIVED_FROM_COORDINATES
2981058306,Fungi,Cantharellus formosus,,PRESENT,49.782948,-123.155782,807,2020-10-21T18:50:48Z,Observations,COORDINATE_ROUNDED;CONTINENT_DERIVED_FROM_COORDINATES
2980997447,Plantae,Pyrola asarifolia,,PRESENT,49.794684,-123.134923,4000,2020-07-30T17:38:43Z,Observations,COORDINATE_ROUNDED;CONTINENT_DERIVED_FROM_COORDINATES
2980827206,Fungi,Amanita muscaria,,PRESENT,49.782234,-123.142819,395,2020-10-28T12:43:55Z,Observations,COORDINATE_ROUNDED;CONTINENT_DERIVED_FROM_COORDINATES
2980816574,Fungi,Fomitopsis mounceae,,PRESENT,49.785418,-123.136865,NA,2020-10-14T10:35:00Z,Observations,COORDINATE_ROUNDED;CONTINENT_DERIVED_FROM_COORDINATES
2980811278,Fungi,Pleurocybella porrigens,,PRESENT,49.781399,-123.145307,778,2020-10-11T10:54:42Z,Observations,COORDINATE_ROUNDED;CONTINENT_DERIVED_FROM_COORDINATES
2978158958,Plantae,Gaultheria shallon,,PRESENT,49.775477,-123.148797,64,2020-08-03T19:27:46Z,,COORDINATE_ROUNDED;COUNTRY_DERIVED_FROM_COORDINATES;CONTINENT_DERIVED_FROM_COORDINATES
2977547750,Plantae,Corallorhiza mertensiana,,PRESENT,49.775829,-123.147553,21,2020-06-11T21:16:46Z,,COORDINATE_ROUNDED;COUNTRY_DERIVED_FROM_COORDINATES;CONTINENT_DERIVED_FROM_COORDINATES
2963868855,Fungi,Hypomyces lactifluorum,,PRESENT,49.784376,-123.154121,1595,2020-10-25T13:16:26Z,Observations,COORDINATE_ROUNDED;CONTINENT_DERIVED_FROM_COORDINATES
2898501310,Plantae,Asarum caudatum,,PRESENT,49.791627,-123.130195,85,2017-05-28T00:00:00Z,Observations,CONTINENT_DERIVED_FROM_COORDINATES
2898423185,Plantae,Goodyera oblongifolia,,PRESENT,49.78377,-123.139851,10,2020-09-27T10:45:03Z,Observations,COORDINATE_ROUNDED;CONTINENT_DERIVED_FROM_COORDINATES
2868318342,Plantae,Dryopteris expansa,,PRESENT,49.783721,-123.136912,30,2019-07-06T09:03:30Z,Observations,COORDINATE_ROUNDED;CONTINENT_DERIVED_FROM_COORDINATES
2862560396,Plantae,Streptopus amplexifolius,,PRESENT,49.78498,-123.132872,10,2020-07-01T15:54:43Z,Observations,COORDINATE_ROUNDED;CONTINENT_DERIVED_FROM_COORDINATES
2860256389,Plantae,Lysichiton americanus,,PRESENT,49.798488,-123.130692,5000,2020-09-02T10:32:34Z,Observations,COORDINATE_ROUNDED;CONTINENT_DERIVED_FROM_COORDINATES
2851292222,Plantae,Spiranthes romanzoffiana,,PRESENT,49.797427,-123.133742,3000,2020-08-10T16:07:22Z,Observations,COORDINATE_ROUNDED;CONTINENT_DERIVED_FROM_COORDINATES
2851021882,Animalia,Ariolimax columbianus,,PRESENT,49.7836,-123.128313,9000,2020-07-30T18:32:50Z,Observations,COORDINATE_ROUNDED;CONTINENT_DERIVED_FROM_COORDINATES
2850573898,Plantae,Geum macrophyllum,,PRESENT,49.794684,-123.134923,4000,2020-07-30T17:30:30Z,Observations,COORDINATE_ROUNDED;CONTINENT_DERIVED_FROM_COORDINATES
2850570870,Plantae,Mahonia nervosa,,PRESENT,49.794684,-123.134923,4000,2020-07-30T17:35:45Z,Observations,COORDINATE_ROUNDED;CONTINENT_DERIVED_FROM_COORDINATES
2850538838,Plantae,Claytonia sibirica,,PRESENT,49.794684,-123.134923,4000,2020-07-30T17:32:07Z,Observations,COORDINATE_ROUNDED;CONTINENT_DERIVED_FROM_COORDINATES
2826254819,Animalia,Monadenia fidelis,,PRESENT,49.794684,-123.134923,4000,2020-07-30T17:40:17Z,Observations,COORDINATE_ROUNDED;CONTINENT_DERIVED_FROM_COORDINATES
2814149763,Plantae,Monotropa uniflora,,PRESENT,49.784645,-123.133683,10,2020-07-01T15:56:01Z,Observations,COORDINATE_ROUNDED;CONTINENT_DERIVED_FROM_COORDINATES
2813890771,Plantae,Spiraea douglasii,,PRESENT,49.782162,-123.159455,32,2020-06-25T08:20:22Z,Observations,COORDINATE_ROUNDED;CONTINENT_DERIVED_FROM_COORDINATES
2803029230,Plantae,Hypopitys monotropa,,PRESENT,49.780305,-123.144322,686,2020-06-06T16:30:00Z,Observations,CONTINENT_DERIVED_FROM_COORDINATES
2803021602,Plantae,Hypopitys monotropa,,PRESENT,49.777399,-123.144943,1372,2020-06-06T16:30:00Z,Observations,CONTINENT_DERIVED_FROM_COORDINATES
2803003760,Plantae,Corallorhiza mertensiana,,PRESENT,49.783948,-123.140944,171,2020-06-06T16:30:00Z,Observations,CONTINENT_DERIVED_FROM_COORDINATES
2802688351,Fungi,Calocera cornea,,PRESENT,49.785389,-123.13576,61,2018-07-07T13:15:00Z,Observations,COORDINATE_ROUNDED;CONTINENT_DERIVED_FROM_COORDINATES
2802633593,Plantae,Corallorhiza mertensiana,,PRESENT,49.779229,-123.144263,686,2020-06-06T16:30:00Z,Observations,CONTINENT_DERIVED_FROM_COORDINATES
2802548209,Plantae,Lilium columbianum,,PRESENT,49.782149,-123.143004,686,2020-06-06T16:00:00Z,Observations,CONTINENT_DERIVED_FROM_COORDINATES
2802538093,Plantae,Allotropa virgata,,PRESENT,49.778543,-123.148,686,2020-06-06T16:00:00Z,Observations,CONTINENT_DERIVED_FROM_COORDINATES
278903492,Animalia,Junco hyemalis,Brackendale - Cheekye Fan,PRESENT,49.776333,-123.14773,NA,2009-05-23T00:00:00Z,EBIRD,CONTINENT_DERIVED_FROM_COORDINATES
277384926,Animalia,Nucifraga columbiana,Brackendale,PRESENT,49.777107,-123.15714,NA,2009-12-28T00:00:00Z,EBIRD,CONTINENT_DERIVED_FROM_COORDINATES
276089502,Animalia,Ixoreus naevius,Brackendale - Cheekye Fan,PRESENT,49.776333,-123.14773,NA,2009-05-23T00:00:00Z,EBIRD,CONTINENT_DERIVED_FROM_COORDINATES
275553153,Animalia,Haemorhous purpureus,Brackendale - Cheekye Fan,PRESENT,49.776333,-123.14773,NA,2009-05-23T00:00:00Z,EBIRD,CONTINENT_DERIVED_FROM_COORDINATES
275326902,Animalia,Catharus ustulatus,Brackendale - Cheekye Fan,PRESENT,49.776333,-123.14773,NA,2009-05-23T00:00:00Z,EBIRD,CONTINENT_DERIVED_FROM_COORDINATES
275305691,Animalia,Cathartes aura,Brackendale - Cheekye Fan,PRESENT,49.776333,-123.14773,NA,2009-05-23T00:00:00Z,EBIRD,CONTINENT_DERIVED_FROM_COORDINATES
275090136,Animalia,Poecile rufescens,Brackendale - Cheekye Fan,PRESENT,49.776333,-123.14773,NA,2009-05-23T00:00:00Z,EBIRD,CONTINENT_DERIVED_FROM_COORDINATES
2743386134,Animalia,Piranga ludoviciana,"Squamish Airport, Squamish CA-BC (49.7822,-123.1600)",PRESENT,49.782158,-123.15999,NA,2019-07-01T00:00:00Z,EBIRD,CONTINENT_DERIVED_FROM_COORDINATES
2741105576,Animalia,Leuconotopicus villosus,Wonderland Trailhead on Alice Lake Road,PRESENT,49.788967,-123.13137,NA,2019-02-24T00:00:00Z,EBIRD,CONTINENT_DERIVED_FROM_COORDINATES
273987197,Animalia,Cyanocitta stelleri,Brackendale - Cheekye Fan,PRESENT,49.776333,-123.14773,NA,2009-05-23T00:00:00Z,EBIRD,CONTINENT_DERIVED_FROM_COORDINATES
2739030551,Animalia,Buteo jamaicensis,Wonderland Trailhead on Alice Lake Road,PRESENT,49.788967,-123.13137,NA,2019-02-24T00:00:00Z,EBIRD,CONTINENT_DERIVED_FROM_COORDINATES
2738284618,Animalia,Spinus pinus,Wonderland Trailhead on Alice Lake Road,PRESENT,49.788967,-123.13137,NA,2019-02-24T00:00:00Z,EBIRD,CONTINENT_DERIVED_FROM_COORDINATES
273191534,Animalia,Turdus migratorius,Brackendale - Cheekye Fan,PRESENT,49.776333,-123.14773,NA,2009-05-23T00:00:00Z,EBIRD,CONTINENT_DERIVED_FROM_COORDINATES
271256977,Animalia,Melospiza melodia,Brackendale,PRESENT,49.777107,-123.15714,NA,2009-02-21T00:00:00Z,EBIRD,CONTINENT_DERIVED_FROM_COORDINATES
271094535,Animalia,Spinus tristis,Brackendale - Cheekye Fan,PRESENT,49.776333,-123.14773,NA,2009-05-23T00:00:00Z,EBIRD,CONTINENT_DERIVED_FROM_COORDINATES
270147488,Animalia,Troglodytes pacificus,Brackendale - Cheekye Fan,PRESENT,49.776333,-123.14773,NA,2009-05-23T00:00:00Z,EBIRD,CONTINENT_DERIVED_FROM_COORDINATES
270076226,Animalia,Poecile atricapillus,Brackendale,PRESENT,49.777107,-123.15714,NA,2009-02-21T00:00:00Z,EBIRD,CONTINENT_DERIVED_FROM_COORDINATES
268041181,Animalia,Spinus pinus,Brackendale - Cheekye Fan,PRESENT,49.776333,-123.14773,NA,2009-05-23T00:00:00Z,EBIRD,CONTINENT_DERIVED_FROM_COORDINATES
267540551,Animalia,Corvus brachyrhynchos,Brackendale - Cheekye Fan,PRESENT,49.776333,-123.14773,NA,2009-05-23T00:00:00Z,EBIRD,CONTINENT_DERIVED_FROM_COORDINATES
267271189,Animalia,Corvus corax,Brackendale - Cheekye Fan,PRESENT,49.776333,-123.14773,NA,2009-05-23T00:00:00Z,EBIRD,CONTINENT_DERIVED_FROM_COORDINATES
266896873,Animalia,Corvus corax,Brackendale,PRESENT,49.777107,-123.15714,NA,2009-02-21T00:00:00Z,EBIRD,CONTINENT_DERIVED_FROM_COORDINATES
2668108234,Animalia,Corvus corax,Wonderland Trail,PRESENT,49.77776,-123.13645,NA,2019-02-19T00:00:00Z,EBIRD,CONTINENT_DERIVED_FROM_COORDINATES
2664494803,Animalia,Cathartes aura,Hwy 99 - North of Brackendale,PRESENT,49.79552,-123.13182,NA,2019-03-28T00:00:00Z,EBIRD_CAN,CONTINENT_DERIVED_FROM_COORDINATES
2656924325,Animalia,Sphyrapicus ruber,Wonderland Trail,PRESENT,49.77776,-123.13645,NA,2019-02-19T00:00:00Z,EBIRD,CONTINENT_DERIVED_FROM_COORDINATES
264596270,Animalia,Zonotrichia leucophrys,Brackendale - Cheekye Fan,PRESENT,49.776333,-123.14773,NA,2009-05-23T00:00:00Z,EBIRD,CONTINENT_DERIVED_FROM_COORDINATES
2634568413,Plantae,Asarum caudatum,,PRESENT,49.785788,-123.12978,NA,2020-05-23T11:56:00Z,Observations,COORDINATE_ROUNDED;CONTINENT_DERIVED_FROM_COORDINATES
2634400660,Fungi,Ganoderma applanatum,,PRESENT,49.791628,-123.128857,NA,2020-05-22T00:00:00Z,Observations,CONTINENT_DERIVED_FROM_COORDINATES
2634350030,Fungi,Amanita aprica,,PRESENT,49.797663,-123.134261,NA,2020-05-22T12:43:03Z,Observations,COORDINATE_ROUNDED;CONTINENT_DERIVED_FROM_COORDINATES
260598817,Animalia,Empidonax traillii,Brackendale - Cheekye Fan,PRESENT,49.776333,-123.14773,NA,2009-05-23T00:00:00Z,EBIRD,CONTINENT_DERIVED_FROM_COORDINATES
260565368,Animalia,Setophaga townsendi,Brackendale - Cheekye Fan,PRESENT,49.776333,-123.14773,NA,2009-05-23T00:00:00Z,EBIRD,CONTINENT_DERIVED_FROM_COORDINATES
2597693673,Plantae,Struthiopteris spicant,,PRESENT,49.775737,-123.147159,21,2018-08-06T14:03:58Z,Observations,CONTINENT_DERIVED_FROM_COORDINATES
259193559,Animalia,Dryocopus pileatus,Brackendale - Cheekye Fan,PRESENT,49.776333,-123.14773,NA,2009-05-23T00:00:00Z,EBIRD,CONTINENT_DERIVED_FROM_COORDINATES
259065498,Animalia,Empidonax difficilis,Brackendale - Cheekye Fan,PRESENT,49.776333,-123.14773,NA,2009-05-23T00:00:00Z,EBIRD,CONTINENT_DERIVED_FROM_COORDINATES
258992181,Animalia,Empidonax hammondii,Brackendale - Cheekye Fan,PRESENT,49.776333,-123.14773,NA,2009-05-23T00:00:00Z,EBIRD,CONTINENT_DERIVED_FROM_COORDINATES
258016870,Animalia,Vireo huttoni,Brackendale,PRESENT,49.777107,-123.15714,NA,2009-02-21T00:00:00Z,EBIRD,CONTINENT_DERIVED_FROM_COORDINATES
257989354,Animalia,Vireo huttoni,Brackendale - Cheekye Fan,PRESENT,49.776333,-123.14773,NA,2009-05-23T00:00:00Z,EBIRD,CONTINENT_DERIVED_FROM_COORDINATES
2579337555,Plantae,Hemitomes congestum,,PRESENT,49.791274,-123.127265,500,2017-07-16T15:01:45Z,Observations,COORDINATE_ROUNDED;CONTINENT_DERIVED_FROM_COORDINATES
257588044,Animalia,Sphyrapicus ruber,Brackendale - Cheekye Fan,PRESENT,49.776333,-123.14773,NA,2009-05-23T00:00:00Z,EBIRD,CONTINENT_DERIVED_FROM_COORDINATES
257558010,Animalia,Vireo gilvus,Brackendale - Cheekye Fan,PRESENT,49.776333,-123.14773,NA,2009-05-23T00:00:00Z,EBIRD,CONTINENT_DERIVED_FROM_COORDINATES
257483250,Animalia,Vireo cassinii,Brackendale - Cheekye Fan,PRESENT,49.776333,-123.14773,NA,2009-05-23T00:00:00Z,EBIRD,CONTINENT_DERIVED_FROM_COORDINATES
2573821704,Plantae,Antennaria howellii,,PRESENT,49.776802000000004,-123.144529,85,2015-05-10T00:00:00Z,Observations,CONTINENT_DERIVED_FROM_COORDINATES
257367294,Animalia,Leiothlypis celata,Brackendale - Cheekye Fan,PRESENT,49.776333,-123.14773,NA,2009-05-23T00:00:00Z,EBIRD,CONTINENT_DERIVED_FROM_COORDINATES
256329157,Animalia,Sitta canadensis,Brackendale - Cheekye Fan,PRESENT,49.776333,-123.14773,NA,2009-05-23T00:00:00Z,EBIRD,CONTINENT_DERIVED_FROM_COORDINATES
255965159,Animalia,Setophaga nigrescens,Brackendale - Cheekye Fan,PRESENT,49.776333,-123.14773,NA,2009-05-23T00:00:00Z,EBIRD,CONTINENT_DERIVED_FROM_COORDINATES
255888023,Animalia,Pheucticus melanocephalus,Brackendale - Cheekye Fan,PRESENT,49.776333,-123.14773,NA,2009-05-23T00:00:00Z,EBIRD,CONTINENT_DERIVED_FROM_COORDINATES
2517942488,Protozoa,Fuligo septica,,PRESENT,49.785497,-123.135867,67,2018-06-27T10:01:00Z,Observations,COORDINATE_ROUNDED;CONTINENT_DERIVED_FROM_COORDINATES
2429228375,Plantae,Goodyera oblongifolia,,PRESENT,49.775591,-123.145268,28,2019-08-11T12:50:03Z,Observations,COORDINATE_ROUNDED;CONTINENT_DERIVED_FROM_COORDINATES
2350358919,Plantae,Spiranthes romanzoffiana,,PRESENT,49.775594,-123.143374,8,2019-08-10T15:20:31Z,Observations,COORDINATE_ROUNDED;CONTINENT_DERIVED_FROM_COORDINATES
2331839481,Plantae,Mahonia nervosa,,PRESENT,49.793677,-123.130521,2027,2019-07-13T13:47:44Z,Observations,COORDINATE_ROUNDED;CONTINENT_DERIVED_FROM_COORDINATES
230371429,Animalia,Piranga ludoviciana,Brackendale - Cheekye Fan,PRESENT,49.776333,-123.14773,NA,2009-05-23T00:00:00Z,EBIRD,CONTINENT_DERIVED_FROM_COORDINATES
2294478235,Plantae,Monotropa uniflora,,PRESENT,49.785273,-123.13581,10,2019-07-13T13:49:46Z,Observations,COORDINATE_ROUNDED;CONTINENT_DERIVED_FROM_COORDINATES
2286112075,Plantae,Polypodium glycyrrhiza,1st cliffs on Squamish R. [River] Rd. from Cheekye Br. [Bridge],PRESENT,49.798172,-123.157939,301,1963-09-19T00:00:00Z,Vascular Plants,CONTINENT_DERIVED_FROM_COORDINATES;INSTITUTION_MATCH_FUZZY;COLLECTION_MATCH_FUZZY
2286111673,Plantae,Polypodium glycyrrhiza,First cliffs on Squamish River Rd. from Cheekye Bridge,PRESENT,49.798172,-123.157939,301,1963-09-19T00:00:00Z,Vascular Plants,CONTINENT_DERIVED_FROM_COORDINATES;INSTITUTION_MATCH_FUZZY;COLLECTION_MATCH_FUZZY
2283188431,Plantae,Corallorhiza mertensiana,,PRESENT,49.782343,-123.142218,10,2019-07-06T08:41:23Z,Observations,COORDINATE_ROUNDED;CONTINENT_DERIVED_FROM_COORDINATES
2283168676,Plantae,Spiraea douglasii,,PRESENT,49.783207,-123.148317,5,2019-07-05T08:44:09Z,Observations,COORDINATE_ROUNDED;CONTINENT_DERIVED_FROM_COORDINATES
2269272937,Plantae,Linnaea borealis,,PRESENT,49.780278,-123.153628,NA,2019-06-13T14:21:59Z,Observations,COORDINATE_ROUNDED;CONTINENT_DERIVED_FROM_COORDINATES
2265884041,Plantae,Hypopitys monotropa,,PRESENT,49.782483,-123.143044,343,2019-05-31T17:00:00Z,Observations,CONTINENT_DERIVED_FROM_COORDINATES
2265882821,Plantae,Hypopitys monotropa,,PRESENT,49.782619,-123.142411,342,2019-05-31T17:00:00Z,Observations,CONTINENT_DERIVED_FROM_COORDINATES
2265881925,Plantae,Clintonia uniflora,,PRESENT,49.782959,-123.143802,171,2019-05-31T17:00:00Z,Observations,CONTINENT_DERIVED_FROM_COORDINATES
2265845986,Plantae,Corallorhiza mertensiana,,PRESENT,49.783155,-123.142874,171,2019-05-31T17:00:00Z,Observations,CONTINENT_DERIVED_FROM_COORDINATES
2265845504,Plantae,Corallorhiza mertensiana,,PRESENT,49.782885,-123.14212,343,2019-05-31T17:00:00Z,Observations,CONTINENT_DERIVED_FROM_COORDINATES
2251892645,Plantae,Clintonia uniflora,,PRESENT,49.783785,-123.146197,5,2019-05-25T18:23:14Z,Observations,COORDINATE_ROUNDED;CONTINENT_DERIVED_FROM_COORDINATES
2251872277,Plantae,Gaultheria shallon,,PRESENT,49.779111,-123.146245,42,2019-05-11T15:28:05Z,Observations,CONTINENT_DERIVED_FROM_COORDINATES
2178393139,Animalia,Corvus corax,Squamish - Landfill,PRESENT,49.78705,-123.146996,NA,2018-06-13T00:00:00Z,EBIRD,CONTINENT_DERIVED_FROM_COORDINATES
2135636511,Animalia,Melospiza melodia,"CA-BC-Squamish (49.7912,-123.1489)",PRESENT,49.79123,-123.14895,NA,2018-02-05T00:00:00Z,EBIRD_CAN,CONTINENT_DERIVED_FROM_COORDINATES
2135623284,Animalia,Junco hyemalis,"CA-BC-Squamish (49.7912,-123.1489)",PRESENT,49.79123,-123.14895,NA,2018-02-05T00:00:00Z,EBIRD_CAN,CONTINENT_DERIVED_FROM_COORDINATES
2127374142,Animalia,Troglodytes pacificus,"CA-BC-Squamish (49.7912,-123.1489)",PRESENT,49.79123,-123.14895,NA,2018-02-05T00:00:00Z,EBIRD_CAN,CONTINENT_DERIVED_FROM_COORDINATES
2127364460,Animalia,Corvus corax,"CA-BC-Squamish (49.7912,-123.1489)",PRESENT,49.79123,-123.14895,NA,2018-02-05T00:00:00Z,EBIRD_CAN,CONTINENT_DERIVED_FROM_COORDINATES
2127360851,Animalia,Sturnus vulgaris,"CA-BC-Squamish (49.7912,-123.1489)",PRESENT,49.79123,-123.14895,NA,2018-02-05T00:00:00Z,EBIRD_CAN,CONTINENT_DERIVED_FROM_COORDINATES
2127351306,Animalia,Poecile rufescens,"CA-BC-Squamish (49.7912,-123.1489)",PRESENT,49.79123,-123.14895,NA,2018-02-05T00:00:00Z,EBIRD_CAN,CONTINENT_DERIVED_FROM_COORDINATES
2124818811,Animalia,Regulus satrapa,"CA-BC-Squamish (49.7912,-123.1489)",PRESENT,49.79123,-123.14895,NA,2018-02-05T00:00:00Z,EBIRD_CAN,CONTINENT_DERIVED_FROM_COORDINATES
2124813904,Animalia,Haliaeetus leucocephalus,"CA-BC-Squamish (49.7912,-123.1489)",PRESENT,49.79123,-123.14895,NA,2018-02-05T00:00:00Z,EBIRD_CAN,CONTINENT_DERIVED_FROM_COORDINATES
2111154277,Animalia,Corvus brachyrhynchos,"CA-BC-Squamish (49.7912,-123.1489)",PRESENT,49.79123,-123.14895,NA,2018-02-05T00:00:00Z,EBIRD_CAN,CONTINENT_DERIVED_FROM_COORDINATES
2005550829,Plantae,Leptodictyum riparium,Pools ca. 12 mi. S. of Garibaldi Station,PRESENT,49.793043,-123.15,17102,1977-10-09T00:00:00Z,,CONTINENT_DERIVED_FROM_COORDINATES;COLLECTION_MATCH_NONE;INSTITUTION_MATCH_FUZZY
2005543312,Plantae,Fontinalis antipyretica,Pools ca 12 mi. S. of Garibaldi Station,PRESENT,49.793043,-123.15,17102,1977-10-09T00:00:00Z,,CONTINENT_DERIVED_FROM_COORDINATES;COLLECTION_MATCH_NONE;INSTITUTION_MATCH_FUZZY
2005319217,Animalia,Aquila chrysaetos,,PRESENT,49.790611,-123.150185,85,2019-02-11T13:00:00Z,Observations,CONTINENT_DERIVED_FROM_COORDINATES
1990643568,Plantae,Trifolium aureum,,PRESENT,49.778272,-123.145706,10,2017-07-09T07:39:57Z,Observations,COORDINATE_ROUNDED;CONTINENT_DERIVED_FROM_COORDINATES
1987943911,Fungi,Tricholoma atroviolaceum,Squamish Community Forest,PRESENT,49.7852,-123.136,7,2015-10-15T00:00:00Z,UBCFungi,GEODETIC_DATUM_INVALID;GEODETIC_DATUM_ASSUMED_WGS84;CONTINENT_DERIVED_FROM_COORDINATES;INSTITUTION_MATCH_NONE
1931477248,Fungi,Tremella mesenterica,,PRESENT,49.784807,-123.136661,61,2018-07-07T13:09:00Z,Observations,COORDINATE_ROUNDED;CONTINENT_DERIVED_FROM_COORDINATES
1914228064,Fungi,Amanita muscaria,,PRESENT,49.775661,-123.148373,NA,2018-09-24T00:00:00Z,Observations,CONTINENT_DERIVED_FROM_COORDINATES
1898784966,Plantae,Streptopus amplexifolius,,PRESENT,49.785858,-123.135834,61,2018-06-27T09:31:00Z,Observations,COORDINATE_ROUNDED;CONTINENT_DERIVED_FROM_COORDINATES
1880591062,Plantae,Monotropa uniflora,,PRESENT,49.785193,-123.136167,246,2018-06-27T09:37:00Z,Observations,COORDINATE_ROUNDED;CONTINENT_DERIVED_FROM_COORDINATES
1880591049,Plantae,Allotropa virgata,,PRESENT,49.785756,-123.135945,122,2018-06-27T00:00:00Z,Observations,COORDINATE_ROUNDED;CONTINENT_DERIVED_FROM_COORDINATES
1880591019,Animalia,Corvus corax,,PRESENT,49.785256,-123.136874,244,2018-06-27T10:26:00Z,Observations,COORDINATE_ROUNDED;CONTINENT_DERIVED_FROM_COORDINATES
1880590967,Plantae,Hemitomes congestum,,PRESENT,49.785747,-123.135738,105,2018-06-27T10:09:00Z,Observations,COORDINATE_ROUNDED;CONTINENT_DERIVED_FROM_COORDINATES
1880590781,Plantae,Hypopitys monotropa,,PRESENT,49.786466,-123.135626,23,2018-06-27T09:08:00Z,Observations,COORDINATE_ROUNDED;CONTINENT_DERIVED_FROM_COORDINATES
1847573167,Plantae,Hieracium maculatum,,PRESENT,49.781928,-123.146828,NA,2018-05-20T16:10:44Z,Observations,COORDINATE_ROUNDED;CONTINENT_DERIVED_FROM_COORDINATES
1847573085,Plantae,Lonicera ciliosa,,PRESENT,49.7824,-123.147252,NA,2018-05-20T15:41:56Z,Observations,COORDINATE_ROUNDED;CONTINENT_DERIVED_FROM_COORDINATES
1847546542,Plantae,Hemitomes congestum,,PRESENT,49.776123,-123.149754,21,2016-06-20T13:54:27Z,Observations,CONTINENT_DERIVED_FROM_COORDINATES
1847508475,Plantae,Maianthemum stellatum,,PRESENT,49.779823,-123.152704,171,2018-05-12T14:56:05Z,Observations,CONTINENT_DERIVED_FROM_COORDINATES
184461331,Animalia,Turdus migratorius,Brackendale - Cheekye Fan,PRESENT,49.776333,-123.14773,NA,2008-03-21T00:00:00Z,EBIRD,CONTINENT_DERIVED_FROM_COORDINATES
184458204,Animalia,Turdus migratorius,Brackendale - Cheekye Fan,PRESENT,49.776333,-123.14773,NA,2008-03-16T00:00:00Z,EBIRD,CONTINENT_DERIVED_FROM_COORDINATES
184409691,Animalia,Troglodytes pacificus,Brackendale - Cheekye Fan,PRESENT,49.776333,-123.14773,NA,2008-03-21T00:00:00Z,EBIRD,CONTINENT_DERIVED_FROM_COORDINATES
184409470,Animalia,Troglodytes pacificus,Brackendale - Cheekye Fan,PRESENT,49.776333,-123.14773,NA,2008-03-16T00:00:00Z,EBIRD,CONTINENT_DERIVED_FROM_COORDINATES
1839208038,Plantae,Struthiopteris spicant,,PRESENT,49.779651,-123.14724,NA,2018-04-15T14:41:19Z,Observations,CONTINENT_DERIVED_FROM_COORDINATES
1838376258,Fungi,Peltigera membranacea,,PRESENT,49.776325,-123.147068,1394,2018-04-15T14:00:20Z,Observations,CONTINENT_DERIVED_FROM_COORDINATES
1838376240,Plantae,Hylocomium splendens,,PRESENT,49.776325,-123.147068,1394,2018-04-15T14:07:51Z,Observations,CONTINENT_DERIVED_FROM_COORDINATES
1837135589,Animalia,Glaucidium californicum,"Cheekye, S of junction of Cheekye and Cheakamus Rivers, N of Squamish",PRESENT,49.79678,-123.158627,457,1929-01-17T00:00:00Z,Birds,COORDINATE_ROUNDED;INSTITUTION_MATCH_FUZZY;INSTITUTION_COLLECTION_MISMATCH
183530905,Animalia,Sitta canadensis,Brackendale - Cheekye Fan,PRESENT,49.776333,-123.14773,NA,2008-03-21T00:00:00Z,EBIRD,CONTINENT_DERIVED_FROM_COORDINATES
183223209,Animalia,Regulus satrapa,Brackendale - Cheekye Fan,PRESENT,49.776333,-123.14773,NA,2008-03-21T00:00:00Z,EBIRD,CONTINENT_DERIVED_FROM_COORDINATES
183222824,Animalia,Regulus satrapa,Brackendale - Cheekye Fan,PRESENT,49.776333,-123.14773,NA,2008-03-16T00:00:00Z,EBIRD,CONTINENT_DERIVED_FROM_COORDINATES
182854899,Animalia,Poecile atricapillus,Brackendale - Cheekye Fan,PRESENT,49.776333,-123.14773,NA,2008-03-16T00:00:00Z,EBIRD,CONTINENT_DERIVED_FROM_COORDINATES
182626698,Animalia,Pipilo maculatus,Brackendale - Cheekye Fan,PRESENT,49.776333,-123.14773,NA,2008-03-21T00:00:00Z,EBIRD,CONTINENT_DERIVED_FROM_COORDINATES
182626157,Animalia,Pipilo maculatus,Brackendale - Cheekye Fan,PRESENT,49.776333,-123.14773,NA,2008-03-16T00:00:00Z,EBIRD,CONTINENT_DERIVED_FROM_COORDINATES
181241642,Animalia,Melospiza melodia,Brackendale - Cheekye Fan,PRESENT,49.776333,-123.14773,NA,2008-03-21T00:00:00Z,EBIRD,CONTINENT_DERIVED_FROM_COORDINATES
181239230,Animalia,Melospiza melodia,Brackendale - Cheekye Fan,PRESENT,49.776333,-123.14773,NA,2008-03-16T00:00:00Z,EBIRD,CONTINENT_DERIVED_FROM_COORDINATES
180942266,Animalia,Loxia curvirostra,Brackendale - Cheekye Fan,PRESENT,49.776333,-123.14773,NA,2008-03-21T00:00:00Z,EBIRD,CONTINENT_DERIVED_FROM_COORDINATES
180942151,Animalia,Loxia curvirostra,Brackendale - Cheekye Fan,PRESENT,49.776333,-123.14773,NA,2008-03-16T00:00:00Z,EBIRD,CONTINENT_DERIVED_FROM_COORDINATES
180680367,Animalia,Junco hyemalis,Brackendale - Cheekye Fan,PRESENT,49.776333,-123.14773,NA,2008-03-21T00:00:00Z,EBIRD,CONTINENT_DERIVED_FROM_COORDINATES
1806365370,Plantae,Spiranthes romanzoffiana,,PRESENT,49.777218,-123.147554,171,2007-07-28T00:00:00Z,Observations,CONTINENT_DERIVED_FROM_COORDINATES
1806365357,Fungi,Lobaria pulmonaria,,PRESENT,49.791571,-123.130474,171,2010-01-31T00:00:00Z,Observations,CONTINENT_DERIVED_FROM_COORDINATES
1806363509,Plantae,Cornus unalaschkensis,,PRESENT,49.778105,-123.144379,171,2016-05-15T00:00:00Z,Observations,CONTINENT_DERIVED_FROM_COORDINATES
1806353152,Fungi,Dacrymyces chrysospermus,,PRESENT,49.777772,-123.144636,NA,2013-12-28T00:00:00Z,Observations,CONTINENT_DERIVED_FROM_COORDINATES
1806353131,Animalia,Haliaeetus leucocephalus,,PRESENT,49.789015,-123.145963,44,2017-12-30T14:22:00Z,Observations,COORDINATE_ROUNDED;CONTINENT_DERIVED_FROM_COORDINATES
1806334532,Plantae,Vicia cracca,,PRESENT,49.778243,-123.145205,NA,2016-07-02T00:00:00Z,Observations,CONTINENT_DERIVED_FROM_COORDINATES
1806334521,Plantae,Achillea millefolium,,PRESENT,49.776996,-123.144722,NA,2016-07-02T00:00:00Z,Observations,CONTINENT_DERIVED_FROM_COORDINATES
1806334285,Plantae,Rhododendron menziesii,,PRESENT,49.776387,-123.14249,686,2015-06-07T00:00:00Z,Observations,CONTINENT_DERIVED_FROM_COORDINATES
180620867,Animalia,Ixoreus naevius,Brackendale - Cheekye Fan,PRESENT,49.776333,-123.14773,NA,2008-03-21T00:00:00Z,EBIRD,CONTINENT_DERIVED_FROM_COORDINATES
180620729,Animalia,Ixoreus naevius,Brackendale - Cheekye Fan,PRESENT,49.776333,-123.14773,NA,2008-03-16T00:00:00Z,EBIRD,CONTINENT_DERIVED_FROM_COORDINATES
1805420666,Plantae,Maianthemum racemosum,,PRESENT,49.791267,-123.130774,NA,2017-05-28T00:00:00Z,Observations,CONTINENT_DERIVED_FROM_COORDINATES
1805420631,Plantae,Impatiens glandulifera,,PRESENT,49.779158,-123.145559,85,2016-07-02T00:00:00Z,Observations,CONTINENT_DERIVED_FROM_COORDINATES
1805420233,Plantae,Cornus nuttallii,,PRESENT,49.792846,-123.12923,171,2016-04-30T00:00:00Z,Observations,CONTINENT_DERIVED_FROM_COORDINATES
1805419876,Plantae,Allotropa virgata,,PRESENT,49.776387,-123.142834,686,2015-06-07T00:00:00Z,Observations,CONTINENT_DERIVED_FROM_COORDINATES
1805418442,Plantae,Platanthera orbiculata,,PRESENT,49.776886,-123.140988,NA,2016-07-03T00:00:00Z,Observations,CONTINENT_DERIVED_FROM_COORDINATES
1804500575,Plantae,Salix sitchensis,Squamish River  Within five miles of Brackendale,PRESENT,49.7833,-123.133,NA,1916-06-09T00:00:00Z,CAN,GEODETIC_DATUM_ASSUMED_WGS84;CONTINENT_DERIVED_FROM_COORDINATES;OCCURRENCE_STATUS_INFERRED_FROM_INDIVIDUAL_COUNT
180396765,Animalia,Haliaeetus leucocephalus,Brackendale - Cheekye Fan,PRESENT,49.776333,-123.14773,NA,2008-03-21T00:00:00Z,EBIRD,CONTINENT_DERIVED_FROM_COORDINATES
179848795,Animalia,Dryocopus pileatus,Brackendale - Cheekye Fan,PRESENT,49.776333,-123.14773,NA,2008-03-21T00:00:00Z,EBIRD,CONTINENT_DERIVED_FROM_COORDINATES
179427205,Animalia,Corvus corax,Brackendale - Cheekye Fan,PRESENT,49.776333,-123.14773,NA,2008-03-21T00:00:00Z,EBIRD,CONTINENT_DERIVED_FROM_COORDINATES
179425852,Animalia,Corvus corax,Brackendale - Cheekye Fan,PRESENT,49.776333,-123.14773,NA,2008-03-16T00:00:00Z,EBIRD,CONTINENT_DERIVED_FROM_COORDINATES
179411066,Animalia,Corvus brachyrhynchos,Brackendale - Cheekye Fan,PRESENT,49.776333,-123.14773,NA,2008-03-21T00:00:00Z,EBIRD,CONTINENT_DERIVED_FROM_COORDINATES
179410962,Animalia,Corvus brachyrhynchos,Brackendale - Cheekye Fan,PRESENT,49.776333,-123.14773,NA,2008-03-16T00:00:00Z,EBIRD,CONTINENT_DERIVED_FROM_COORDINATES
179069503,Animalia,Hesperiphona vespertina,Brackendale - Cheekye Fan,PRESENT,49.776333,-123.14773,NA,2008-03-16T00:00:00Z,EBIRD,CONTINENT_DERIVED_FROM_COORDINATES
179022689,Animalia,Cinclus mexicanus,Brackendale - Cheekye Fan,PRESENT,49.776333,-123.14773,NA,2008-03-21T00:00:00Z,EBIRD,CONTINENT_DERIVED_FROM_COORDINATES
1763643015,Animalia,Colaptes auratus,Brackendale - Squamish Valley Rd,PRESENT,49.78317,-123.14039,NA,2016-09-25T00:00:00Z,EBIRD,CONTINENT_DERIVED_FROM_COORDINATES
1763642862,Animalia,Strix varia,Brackendale - Squamish Valley Rd,PRESENT,49.78317,-123.14039,NA,2016-09-25T00:00:00Z,EBIRD,CONTINENT_DERIVED_FROM_COORDINATES
1763642801,Animalia,Setophaga coronata,Brackendale - Squamish Valley Rd,PRESENT,49.78317,-123.14039,NA,2016-09-25T00:00:00Z,EBIRD,CONTINENT_DERIVED_FROM_COORDINATES
1763642733,Animalia,Corvus corax,Brackendale - Squamish Valley Rd,PRESENT,49.78317,-123.14039,NA,2016-09-25T00:00:00Z,EBIRD,CONTINENT_DERIVED_FROM_COORDINATES
1763642675,Animalia,Setophaga coronata,Brackendale - Squamish Valley Rd,PRESENT,49.78317,-123.14039,NA,2016-09-25T00:00:00Z,EBIRD,CONTINENT_DERIVED_FROM_COORDINATES
1763642636,Animalia,Colaptes auratus,Brackendale - Squamish Valley Rd,PRESENT,49.78317,-123.14039,NA,2016-09-25T00:00:00Z,EBIRD,CONTINENT_DERIVED_FROM_COORDINATES
1763642628,Animalia,Cyanocitta stelleri,Brackendale - Squamish Valley Rd,PRESENT,49.78317,-123.14039,NA,2016-09-25T00:00:00Z,EBIRD,CONTINENT_DERIVED_FROM_COORDINATES
1763642600,Animalia,Corvus corax,Brackendale - Squamish Valley Rd,PRESENT,49.78317,-123.14039,NA,2016-09-25T00:00:00Z,EBIRD,CONTINENT_DERIVED_FROM_COORDINATES
1763642586,Animalia,Regulus calendula,Brackendale - Squamish Valley Rd,PRESENT,49.78317,-123.14039,NA,2016-09-25T00:00:00Z,EBIRD,CONTINENT_DERIVED_FROM_COORDINATES
1763642571,Animalia,Regulus satrapa,Brackendale - Squamish Valley Rd,PRESENT,49.78317,-123.14039,NA,2016-09-25T00:00:00Z,EBIRD,CONTINENT_DERIVED_FROM_COORDINATES
1763642564,Animalia,Sitta canadensis,Brackendale - Squamish Valley Rd,PRESENT,49.78317,-123.14039,NA,2016-09-25T00:00:00Z,EBIRD,CONTINENT_DERIVED_FROM_COORDINATES
1763642545,Animalia,Cyanocitta stelleri,Brackendale - Squamish Valley Rd,PRESENT,49.78317,-123.14039,NA,2016-09-25T00:00:00Z,EBIRD,CONTINENT_DERIVED_FROM_COORDINATES
1763642502,Animalia,Regulus satrapa,Brackendale - Squamish Valley Rd,PRESENT,49.78317,-123.14039,NA,2016-09-25T00:00:00Z,EBIRD,CONTINENT_DERIVED_FROM_COORDINATES
1763642494,Animalia,Sitta canadensis,Brackendale - Squamish Valley Rd,PRESENT,49.78317,-123.14039,NA,2016-09-25T00:00:00Z,EBIRD,CONTINENT_DERIVED_FROM_COORDINATES
1763642478,Animalia,Strix varia,Brackendale - Squamish Valley Rd,PRESENT,49.78317,-123.14039,NA,2016-09-25T00:00:00Z,EBIRD,CONTINENT_DERIVED_FROM_COORDINATES
1763642461,Animalia,Regulus calendula,Brackendale - Squamish Valley Rd,PRESENT,49.78317,-123.14039,NA,2016-09-25T00:00:00Z,EBIRD,CONTINENT_DERIVED_FROM_COORDINATES
1709651303,Animalia,Passerella iliaca,CA-BC-Squamish-Landfill Rd - 49.7866x-123.1482,PRESENT,49.786625,-123.14823,NA,2016-01-10T00:00:00Z,EBIRD,CONTINENT_DERIVED_FROM_COORDINATES
1709651182,Animalia,Sturnus vulgaris,CA-BC-Squamish-Landfill Rd - 49.7866x-123.1482,PRESENT,49.786625,-123.14823,NA,2016-01-10T00:00:00Z,EBIRD,CONTINENT_DERIVED_FROM_COORDINATES
1709651153,Animalia,Junco hyemalis,CA-BC-Squamish-Landfill Rd - 49.7866x-123.1482,PRESENT,49.786625,-123.14823,NA,2016-01-10T00:00:00Z,EBIRD,CONTINENT_DERIVED_FROM_COORDINATES
1709651130,Animalia,Corvus corax,CA-BC-Squamish-Landfill Rd - 49.7866x-123.1482,PRESENT,49.786625,-123.14823,NA,2016-01-10T00:00:00Z,EBIRD,CONTINENT_DERIVED_FROM_COORDINATES
1709651109,Animalia,Ixoreus naevius,CA-BC-Squamish-Landfill Rd - 49.7866x-123.1482,PRESENT,49.786625,-123.14823,NA,2016-01-10T00:00:00Z,EBIRD,CONTINENT_DERIVED_FROM_COORDINATES
1709650986,Animalia,Pipilo maculatus,CA-BC-Squamish-Landfill Rd - 49.7866x-123.1482,PRESENT,49.786625,-123.14823,NA,2016-01-10T00:00:00Z,EBIRD,CONTINENT_DERIVED_FROM_COORDINATES
1709650965,Animalia,Corvus brachyrhynchos,CA-BC-Squamish-Landfill Rd - 49.7866x-123.1482,PRESENT,49.786625,-123.14823,NA,2016-01-10T00:00:00Z,EBIRD,CONTINENT_DERIVED_FROM_COORDINATES
1709650940,Animalia,Larus glaucescens,CA-BC-Squamish-Landfill Rd - 49.7866x-123.1482,PRESENT,49.786625,-123.14823,NA,2016-01-10T00:00:00Z,EBIRD,CONTINENT_DERIVED_FROM_COORDINATES
1709650914,Animalia,Euphagus cyanocephalus,CA-BC-Squamish-Landfill Rd - 49.7866x-123.1482,PRESENT,49.786625,-123.14823,NA,2016-01-10T00:00:00Z,EBIRD,CONTINENT_DERIVED_FROM_COORDINATES
1709650796,Animalia,Haliaeetus leucocephalus,CA-BC-Squamish-Landfill Rd - 49.7866x-123.1482,PRESENT,49.786625,-123.14823,NA,2016-01-10T00:00:00Z,EBIRD,CONTINENT_DERIVED_FROM_COORDINATES
1707756286,Animalia,Cyanocitta cristata,Brackendale,PRESENT,49.777107,-123.15714,NA,2001-12-19T00:00:00Z,EBIRD,CONTINENT_DERIVED_FROM_COORDINATES
1677335211,Plantae,Hypopitys monotropa,,PRESENT,49.777163,-123.149228,85,2016-05-15T00:00:00Z,Observations,CONTINENT_DERIVED_FROM_COORDINATES
1677332787,Plantae,Asarum caudatum,,PRESENT,49.791474,-123.131204,NA,2017-05-28T00:00:00Z,Observations,CONTINENT_DERIVED_FROM_COORDINATES
1677331614,Plantae,Platanthera orbiculata,,PRESENT,49.781804,-123.138134,NA,2016-07-03T00:00:00Z,Observations,CONTINENT_DERIVED_FROM_COORDINATES
1677329584,Plantae,Hemitomes congestum,,PRESENT,49.778105,-123.14352,NA,2013-07-16T00:00:00Z,Observations,CONTINENT_DERIVED_FROM_COORDINATES
167544378,Animalia,Spinus pinus,Brackendale - Cheekye Fan,PRESENT,49.776333,-123.14773,NA,2008-03-21T00:00:00Z,EBIRD,CONTINENT_DERIVED_FROM_COORDINATES
167543754,Animalia,Spinus pinus,Brackendale - Cheekye Fan,PRESENT,49.776333,-123.14773,NA,2008-03-16T00:00:00Z,EBIRD,CONTINENT_DERIVED_FROM_COORDINATES
1632908818,Animalia,Elampus marginatus,Cheekye,PRESENT,49.798,-123.157,NA,1962-08-05T00:00:00Z,UBCZ,GEODETIC_DATUM_ASSUMED_WGS84;CONTINENT_DERIVED_FROM_COORDINATES;INSTITUTION_MATCH_FUZZY;COLLECTION_MATCH_FUZZY
1632908776,Animalia,Elampus marginatus,Cheekye,PRESENT,49.798,-123.157,NA,1962-08-05T00:00:00Z,UBCZ,GEODETIC_DATUM_ASSUMED_WGS84;CONTINENT_DERIVED_FROM_COORDINATES;INSTITUTION_MATCH_FUZZY;COLLECTION_MATCH_FUZZY
1572382569,Plantae,Vaccinium parvifolium,,PRESENT,49.778471,-123.147682,10,2017-07-09T07:23:21Z,Observations,COORDINATE_ROUNDED;CONTINENT_DERIVED_FROM_COORDINATES
140157181,Animalia,Turdus migratorius,Brackendale - Cheekye Fan,PRESENT,49.776333,-123.14773,NA,2007-03-18T00:00:00Z,EBIRD,CONTINENT_DERIVED_FROM_COORDINATES
139983431,Animalia,Troglodytes pacificus,Brackendale - Cheekye Fan,PRESENT,49.776333,-123.14773,NA,2007-03-18T00:00:00Z,EBIRD,CONTINENT_DERIVED_FROM_COORDINATES
139536744,Animalia,Sturnus vulgaris,Brackendale - Cheekye Fan,PRESENT,49.776333,-123.14773,NA,2007-03-18T00:00:00Z,EBIRD,CONTINENT_DERIVED_FROM_COORDINATES
139397420,Animalia,Sturnella neglecta,Brackendale - Cheekye Fan,PRESENT,49.776333,-123.14773,NA,2007-03-18T00:00:00Z,EBIRD,CONTINENT_DERIVED_FROM_COORDINATES
138544605,Animalia,Regulus satrapa,Brackendale - Cheekye Fan,PRESENT,49.776333,-123.14773,NA,2007-03-18T00:00:00Z,EBIRD,CONTINENT_DERIVED_FROM_COORDINATES
138155283,Animalia,Poecile rufescens,Brackendale - Cheekye Fan,PRESENT,49.776333,-123.14773,NA,2007-03-18T00:00:00Z,EBIRD,CONTINENT_DERIVED_FROM_COORDINATES
137716992,Animalia,Pipilo maculatus,Brackendale - Cheekye Fan,PRESENT,49.776333,-123.14773,NA,2007-03-18T00:00:00Z,EBIRD,CONTINENT_DERIVED_FROM_COORDINATES
134388558,Animalia,Larus glaucescens,Brackendale - Cheekye Fan,PRESENT,49.776333,-123.14773,NA,2007-03-18T00:00:00Z,EBIRD,CONTINENT_DERIVED_FROM_COORDINATES
134043160,Animalia,Ixoreus naevius,Brackendale - Cheekye Fan,PRESENT,49.776333,-123.14773,NA,2007-03-18T00:00:00Z,EBIRD,CONTINENT_DERIVED_FROM_COORDINATES
133816229,Animalia,Haliaeetus leucocephalus,Brackendale - Cheekye Fan,PRESENT,49.776333,-123.14773,NA,2007-03-18T00:00:00Z,EBIRD,CONTINENT_DERIVED_FROM_COORDINATES
132823123,Animalia,Cyanocitta stelleri,Brackendale - Cheekye Fan,PRESENT,49.776333,-123.14773,NA,2007-03-18T00:00:00Z,EBIRD,CONTINENT_DERIVED_FROM_COORDINATES
132558200,Animalia,Corvus corax,Brackendale - Cheekye Fan,PRESENT,49.776333,-123.14773,NA,2007-03-18T00:00:00Z,EBIRD,CONTINENT_DERIVED_FROM_COORDINATES
132522100,Animalia,Corvus brachyrhynchos,Brackendale - Cheekye Fan,PRESENT,49.776333,-123.14773,NA,2007-03-18T00:00:00Z,EBIRD,CONTINENT_DERIVED_FROM_COORDINATES
131152678,Animalia,Haemorhous mexicanus,Brackendale - Cheekye Fan,PRESENT,49.776333,-123.14773,NA,2007-03-18T00:00:00Z,EBIRD,CONTINENT_DERIVED_FROM_COORDINATES
130787350,Animalia,Spinus pinus,Brackendale - Cheekye Fan,PRESENT,49.776333,-123.14773,NA,2007-03-18T00:00:00Z,EBIRD,CONTINENT_DERIVED_FROM_COORDINATES
130017720,Animalia,Branta canadensis,Brackendale - Cheekye Fan,PRESENT,49.776333,-123.14773,NA,2007-03-18T00:00:00Z,EBIRD,CONTINENT_DERIVED_FROM_COORDINATES
129897352,Animalia,Bonasa umbellus,Brackendale - Cheekye Fan,PRESENT,49.776333,-123.14773,NA,2007-03-18T00:00:00Z,EBIRD,CONTINENT_DERIVED_FROM_COORDINATES
128756696,Animalia,Agelaius phoeniceus,Brackendale - Cheekye Fan,PRESENT,49.776333,-123.14773,NA,2007-03-18T00:00:00Z,EBIRD,CONTINENT_DERIVED_FROM_COORDINATES
1204388699,Animalia,Larus glaucescens,Squamish Valley Road--  Cheekye to BC Hwy 99,PRESENT,49.782642,-123.15333,NA,1997-11-30T00:00:00Z,EBIRD,CONTINENT_DERIVED_FROM_COORDINATES
